Entity,Code,Year,10.4.1 - Labour share of GDP (%) 
Afghanistan,AFG,2004,42.7
Afghanistan,AFG,2005,41.9
Afghanistan,AFG,2006,42.3
Afghanistan,AFG,2007,41.5
Afghanistan,AFG,2008,42.2
Afghanistan,AFG,2009,40.7
Afghanistan,AFG,2010,41.1
Afghanistan,AFG,2011,42
Afghanistan,AFG,2012,40.9
Afghanistan,AFG,2013,41.3
Afghanistan,AFG,2014,41.3
Afghanistan,AFG,2015,41.2
Afghanistan,AFG,2016,41
Afghanistan,AFG,2017,40.8
Afghanistan,AFG,2018,41
Afghanistan,AFG,2019,40.8
Africa (UN),,2004,47.3
Africa (UN),,2005,46.6
Africa (UN),,2006,46.3
Africa (UN),,2007,45.9
Africa (UN),,2008,45.3
Africa (UN),,2009,46.3
Africa (UN),,2010,46
Africa (UN),,2011,46.7
Africa (UN),,2012,46.8
Africa (UN),,2013,47.7
Africa (UN),,2014,48
Africa (UN),,2015,48.3
Africa (UN),,2016,48
Africa (UN),,2017,47.9
Africa (UN),,2018,47.8
Africa (UN),,2019,47.8
Algeria,DZA,2004,41
Algeria,DZA,2005,40.4
Algeria,DZA,2006,41.9
Algeria,DZA,2007,41.3
Algeria,DZA,2008,41.7
Algeria,DZA,2009,42
Algeria,DZA,2010,41.3
Algeria,DZA,2011,41.5
Algeria,DZA,2012,41.3
Algeria,DZA,2013,41.5
Algeria,DZA,2014,41.2
Algeria,DZA,2015,41.2
Algeria,DZA,2016,41.4
Algeria,DZA,2017,42.1
Algeria,DZA,2018,42.1
Algeria,DZA,2019,42.3
Angola,AGO,2004,39.7
Angola,AGO,2005,34.2
Angola,AGO,2006,35.5
Angola,AGO,2007,37.5
Angola,AGO,2008,40.2
Angola,AGO,2009,58.7
Angola,AGO,2010,49.8
Angola,AGO,2011,49.4
Angola,AGO,2012,46.4
Angola,AGO,2013,43.2
Angola,AGO,2014,39.8
Angola,AGO,2015,47.3
Angola,AGO,2016,44.4
Angola,AGO,2017,44.8
Angola,AGO,2018,45.1
Angola,AGO,2019,45.1
Argentina,ARG,2004,38.7
Argentina,ARG,2005,40.6
Argentina,ARG,2006,41.5
Argentina,ARG,2007,42.4
Argentina,ARG,2008,45.9
Argentina,ARG,2009,50.2
Argentina,ARG,2010,49.3
Argentina,ARG,2011,52.3
Argentina,ARG,2012,57
Argentina,ARG,2013,58.9
Argentina,ARG,2014,59.7
Argentina,ARG,2015,59.1
Argentina,ARG,2016,59.8
Argentina,ARG,2017,59.2
Argentina,ARG,2018,55.9
Argentina,ARG,2019,53.4
Armenia,ARM,2004,53.7
Armenia,ARM,2005,53
Armenia,ARM,2006,51.7
Armenia,ARM,2007,49.9
Armenia,ARM,2008,47.9
Armenia,ARM,2009,49.6
Armenia,ARM,2010,48.2
Armenia,ARM,2011,48.6
Armenia,ARM,2012,46.4
Armenia,ARM,2013,45.6
Armenia,ARM,2014,47.6
Armenia,ARM,2015,47.2
Armenia,ARM,2016,46.6
Armenia,ARM,2017,45.6
Armenia,ARM,2018,45.5
Armenia,ARM,2019,46.5
Asia (UN),,2004,48.3
Asia (UN),,2005,47.9
Asia (UN),,2006,47.1
Asia (UN),,2007,46.6
Asia (UN),,2008,47.5
Asia (UN),,2009,48.4
Asia (UN),,2010,47.2
Asia (UN),,2011,47.1
Asia (UN),,2012,47.3
Asia (UN),,2013,47.5
Asia (UN),,2014,48.1
Asia (UN),,2015,48.6
Asia (UN),,2016,48.9
Asia (UN),,2017,48.9
Asia (UN),,2018,49.1
Asia (UN),,2019,49.3
Australia,AUS,2004,64
Australia,AUS,2005,63.6
Australia,AUS,2006,63
Australia,AUS,2007,62.6
Australia,AUS,2008,60.8
Australia,AUS,2009,61.2
Australia,AUS,2010,61.4
Australia,AUS,2011,61.4
Australia,AUS,2012,61
Australia,AUS,2013,60.4
Australia,AUS,2014,61.4
Australia,AUS,2015,62.1
Australia,AUS,2016,59.3
Australia,AUS,2017,59.2
Australia,AUS,2018,58.4
Australia,AUS,2019,59.6
Austria,AUT,2004,60.3
Austria,AUT,2005,59.7
Austria,AUT,2006,58.6
Austria,AUT,2007,57.2
Austria,AUT,2008,57
Austria,AUT,2009,59.4
Austria,AUT,2010,58.5
Austria,AUT,2011,57.4
Austria,AUT,2012,57.9
Austria,AUT,2013,57.9
Austria,AUT,2014,60.7
Austria,AUT,2015,58.9
Austria,AUT,2016,61
Austria,AUT,2017,60.2
Austria,AUT,2018,58.3
Austria,AUT,2019,59.2
Azerbaijan,AZE,2004,41.8
Azerbaijan,AZE,2005,41
Azerbaijan,AZE,2006,40.5
Azerbaijan,AZE,2007,35.7
Azerbaijan,AZE,2008,33.7
Azerbaijan,AZE,2009,41.1
Azerbaijan,AZE,2010,38.4
Azerbaijan,AZE,2011,35.3
Azerbaijan,AZE,2012,37
Azerbaijan,AZE,2013,39.5
Azerbaijan,AZE,2014,41.1
Azerbaijan,AZE,2015,49
Azerbaijan,AZE,2016,48.3
Azerbaijan,AZE,2017,45
Azerbaijan,AZE,2018,45.3
Azerbaijan,AZE,2019,48.5
Bahamas,BHS,2004,58.8
Bahamas,BHS,2005,58.2
Bahamas,BHS,2006,58.4
Bahamas,BHS,2007,58.6
Bahamas,BHS,2008,59.4
Bahamas,BHS,2009,59.8
Bahamas,BHS,2010,58.6
Bahamas,BHS,2011,58.8
Bahamas,BHS,2012,58.2
Bahamas,BHS,2013,59.5
Bahamas,BHS,2014,58.7
Bahamas,BHS,2015,58.8
Bahamas,BHS,2016,58.6
Bahamas,BHS,2017,58.2
Bahamas,BHS,2018,58.2
Bahamas,BHS,2019,58.6
Bahrain,BHR,2004,30
Bahrain,BHR,2005,27.2
Bahrain,BHR,2006,26
Bahrain,BHR,2007,26.9
Bahrain,BHR,2008,26.1
Bahrain,BHR,2009,30.7
Bahrain,BHR,2010,29.7
Bahrain,BHR,2011,27.9
Bahrain,BHR,2012,29.5
Bahrain,BHR,2013,29
Bahrain,BHR,2014,29.8
Bahrain,BHR,2015,30.2
Bahrain,BHR,2016,30
Bahrain,BHR,2017,29.8
Bahrain,BHR,2018,30.4
Bahrain,BHR,2019,30.3
Bangladesh,BGD,2004,43.1
Bangladesh,BGD,2005,42.4
Bangladesh,BGD,2006,42.3
Bangladesh,BGD,2007,42
Bangladesh,BGD,2008,42.6
Bangladesh,BGD,2009,43.1
Bangladesh,BGD,2010,42.8
Bangladesh,BGD,2011,42.2
Bangladesh,BGD,2012,42.2
Bangladesh,BGD,2013,42.4
Bangladesh,BGD,2014,42.4
Bangladesh,BGD,2015,42.1
Bangladesh,BGD,2016,41.8
Bangladesh,BGD,2017,41.6
Bangladesh,BGD,2018,41.3
Bangladesh,BGD,2019,41.1
Barbados,BRB,2004,58
Barbados,BRB,2005,57.6
Barbados,BRB,2006,57.2
Barbados,BRB,2007,57.9
Barbados,BRB,2008,58.2
Barbados,BRB,2009,59.3
Barbados,BRB,2010,58.8
Barbados,BRB,2011,58.5
Barbados,BRB,2012,58.4
Barbados,BRB,2013,58.6
Barbados,BRB,2014,58.4
Barbados,BRB,2015,57.9
Barbados,BRB,2016,57.9
Barbados,BRB,2017,58.3
Barbados,BRB,2018,58.5
Barbados,BRB,2019,58.4
Belarus,BLR,2004,44.9
Belarus,BLR,2005,46.8
Belarus,BLR,2006,48.6
Belarus,BLR,2007,47.2
Belarus,BLR,2008,45.8
Belarus,BLR,2009,48.3
Belarus,BLR,2010,50.1
Belarus,BLR,2011,42.7
Belarus,BLR,2012,45.4
Belarus,BLR,2013,52.9
Belarus,BLR,2014,51.7
Belarus,BLR,2015,50
Belarus,BLR,2016,49.5
Belarus,BLR,2017,49.4
Belarus,BLR,2018,49.9
Belarus,BLR,2019,51.2
Belgium,BEL,2004,64.9
Belgium,BEL,2005,64.9
Belgium,BEL,2006,64.8
Belgium,BEL,2007,65.4
Belgium,BEL,2008,65.4
Belgium,BEL,2009,66.1
Belgium,BEL,2010,65.2
Belgium,BEL,2011,65.7
Belgium,BEL,2012,66.3
Belgium,BEL,2013,67.3
Belgium,BEL,2014,64.7
Belgium,BEL,2015,63.9
Belgium,BEL,2016,62.5
Belgium,BEL,2017,61.6
Belgium,BEL,2018,61.5
Belgium,BEL,2019,61.9
Belize,BLZ,2004,43.1
Belize,BLZ,2005,44
Belize,BLZ,2006,43.1
Belize,BLZ,2007,44.5
Belize,BLZ,2008,43.5
Belize,BLZ,2009,44.6
Belize,BLZ,2010,43.7
Belize,BLZ,2011,44.1
Belize,BLZ,2012,43.9
Belize,BLZ,2013,44.3
Belize,BLZ,2014,43.4
Belize,BLZ,2015,44
Belize,BLZ,2016,45
Belize,BLZ,2017,44.4
Belize,BLZ,2018,44.2
Belize,BLZ,2019,45.2
Benin,BEN,2004,45.8
Benin,BEN,2005,46.5
Benin,BEN,2006,45.9
Benin,BEN,2007,45.4
Benin,BEN,2008,45.7
Benin,BEN,2009,46.3
Benin,BEN,2010,46.4
Benin,BEN,2011,46.2
Benin,BEN,2012,45.8
Benin,BEN,2013,45.2
Benin,BEN,2014,45.4
Benin,BEN,2015,46.6
Benin,BEN,2016,46.3
Benin,BEN,2017,45.7
Benin,BEN,2018,45.4
Benin,BEN,2019,45.3
Bhutan,BTN,2004,40.8
Bhutan,BTN,2005,40.6
Bhutan,BTN,2006,40.7
Bhutan,BTN,2007,39.2
Bhutan,BTN,2008,41
Bhutan,BTN,2009,40.7
Bhutan,BTN,2010,40.1
Bhutan,BTN,2011,40.8
Bhutan,BTN,2012,41.1
Bhutan,BTN,2013,41.5
Bhutan,BTN,2014,41.1
Bhutan,BTN,2015,41.1
Bhutan,BTN,2016,41
Bhutan,BTN,2017,41.4
Bhutan,BTN,2018,41.6
Bhutan,BTN,2019,41.3
Bolivia,BOL,2004,59.1
Bolivia,BOL,2005,57.1
Bolivia,BOL,2006,50.1
Bolivia,BOL,2007,47.6
Bolivia,BOL,2008,44.5
Bolivia,BOL,2009,47
Bolivia,BOL,2010,45.4
Bolivia,BOL,2011,45.3
Bolivia,BOL,2012,43.5
Bolivia,BOL,2013,44.8
Bolivia,BOL,2014,50.3
Bolivia,BOL,2015,53.4
Bolivia,BOL,2016,56.2
Bolivia,BOL,2017,56
Bolivia,BOL,2018,56.3
Bolivia,BOL,2019,55.8
Bosnia and Herzegovina,BIH,2004,43.7
Bosnia and Herzegovina,BIH,2005,43.3
Bosnia and Herzegovina,BIH,2006,43.8
Bosnia and Herzegovina,BIH,2007,43.7
Bosnia and Herzegovina,BIH,2008,43.8
Bosnia and Herzegovina,BIH,2009,44.8
Bosnia and Herzegovina,BIH,2010,44.1
Bosnia and Herzegovina,BIH,2011,44.1
Bosnia and Herzegovina,BIH,2012,44.4
Bosnia and Herzegovina,BIH,2013,43.8
Bosnia and Herzegovina,BIH,2014,43.9
Bosnia and Herzegovina,BIH,2015,43.8
Bosnia and Herzegovina,BIH,2016,43.8
Bosnia and Herzegovina,BIH,2017,43.8
Bosnia and Herzegovina,BIH,2018,43.6
Bosnia and Herzegovina,BIH,2019,43.8
Botswana,BWA,2004,47.6
Botswana,BWA,2005,47.4
Botswana,BWA,2006,47
Botswana,BWA,2007,47
Botswana,BWA,2008,47.3
Botswana,BWA,2009,48.8
Botswana,BWA,2010,47
Botswana,BWA,2011,47.3
Botswana,BWA,2012,47.5
Botswana,BWA,2013,46.7
Botswana,BWA,2014,47.5
Botswana,BWA,2015,48.2
Botswana,BWA,2016,47.5
Botswana,BWA,2017,47.6
Botswana,BWA,2018,47.5
Botswana,BWA,2019,47.6
Brazil,BRA,2004,56.1
Brazil,BRA,2005,56.9
Brazil,BRA,2006,58.2
Brazil,BRA,2007,56.8
Brazil,BRA,2008,57.5
Brazil,BRA,2009,59.3
Brazil,BRA,2010,57.8
Brazil,BRA,2011,58.3
Brazil,BRA,2012,57.9
Brazil,BRA,2013,59.1
Brazil,BRA,2014,59.3
Brazil,BRA,2015,61.9
Brazil,BRA,2016,62.1
Brazil,BRA,2017,61.9
Brazil,BRA,2018,61.3
Brazil,BRA,2019,61.4
Brunei,BRN,2004,51.7
Brunei,BRN,2005,51.7
Brunei,BRN,2006,50.9
Brunei,BRN,2007,51.8
Brunei,BRN,2008,52.2
Brunei,BRN,2009,52.2
Brunei,BRN,2010,51.3
Brunei,BRN,2011,51
Brunei,BRN,2012,51.6
Brunei,BRN,2013,52.3
Brunei,BRN,2014,52.4
Brunei,BRN,2015,51.9
Brunei,BRN,2016,52.4
Brunei,BRN,2017,51.6
Brunei,BRN,2018,51.8
Brunei,BRN,2019,51
Bulgaria,BGR,2004,43.2
Bulgaria,BGR,2005,42.4
Bulgaria,BGR,2006,41
Bulgaria,BGR,2007,40.2
Bulgaria,BGR,2008,41.5
Bulgaria,BGR,2009,43.3
Bulgaria,BGR,2010,44.3
Bulgaria,BGR,2011,42.5
Bulgaria,BGR,2012,45.6
Bulgaria,BGR,2013,50
Bulgaria,BGR,2014,50.6
Bulgaria,BGR,2015,50.6
Bulgaria,BGR,2016,51.3
Bulgaria,BGR,2017,53
Bulgaria,BGR,2018,52
Bulgaria,BGR,2019,51.7
Burkina Faso,BFA,2004,51
Burkina Faso,BFA,2005,50
Burkina Faso,BFA,2006,48.8
Burkina Faso,BFA,2007,47
Burkina Faso,BFA,2008,45.3
Burkina Faso,BFA,2009,45
Burkina Faso,BFA,2010,43.9
Burkina Faso,BFA,2011,42.7
Burkina Faso,BFA,2012,42.2
Burkina Faso,BFA,2013,43.8
Burkina Faso,BFA,2014,45.6
Burkina Faso,BFA,2015,46.6
Burkina Faso,BFA,2016,43.6
Burkina Faso,BFA,2017,43.9
Burkina Faso,BFA,2018,46.3
Burkina Faso,BFA,2019,46.4
Burundi,BDI,2004,31.8
Burundi,BDI,2005,32.5
Burundi,BDI,2006,31.7
Burundi,BDI,2007,32
Burundi,BDI,2008,31.8
Burundi,BDI,2009,31.9
Burundi,BDI,2010,31.8
Burundi,BDI,2011,32
Burundi,BDI,2012,31.8
Burundi,BDI,2013,31.7
Burundi,BDI,2014,31.8
Burundi,BDI,2015,33.7
Burundi,BDI,2016,33.1
Burundi,BDI,2017,33.1
Burundi,BDI,2018,33.1
Burundi,BDI,2019,33.1
Cambodia,KHM,2004,41.9
Cambodia,KHM,2005,40.9
Cambodia,KHM,2006,40.9
Cambodia,KHM,2007,40.6
Cambodia,KHM,2008,41.2
Cambodia,KHM,2009,42.7
Cambodia,KHM,2010,41.7
Cambodia,KHM,2011,41.4
Cambodia,KHM,2012,40.9
Cambodia,KHM,2013,40.5
Cambodia,KHM,2014,39.7
Cambodia,KHM,2015,39.8
Cambodia,KHM,2016,40
Cambodia,KHM,2017,39.9
Cambodia,KHM,2018,39.5
Cambodia,KHM,2019,39.4
Cameroon,CMR,2004,41.2
Cameroon,CMR,2005,38.5
Cameroon,CMR,2006,36.2
Cameroon,CMR,2007,38.8
Cameroon,CMR,2008,39.4
Cameroon,CMR,2009,39.7
Cameroon,CMR,2010,39
Cameroon,CMR,2011,38.4
Cameroon,CMR,2012,38
Cameroon,CMR,2013,37.3
Cameroon,CMR,2014,36.9
Cameroon,CMR,2015,36.7
Cameroon,CMR,2016,36.9
Cameroon,CMR,2017,37.1
Cameroon,CMR,2018,36.7
Cameroon,CMR,2019,36.6
Canada,CAN,2004,60.1
Canada,CAN,2005,59.6
Canada,CAN,2006,59.9
Canada,CAN,2007,60.7
Canada,CAN,2008,60.3
Canada,CAN,2009,63.2
Canada,CAN,2010,61.2
Canada,CAN,2011,60.1
Canada,CAN,2012,61
Canada,CAN,2013,61.1
Canada,CAN,2014,60.2
Canada,CAN,2015,62.3
Canada,CAN,2016,61
Canada,CAN,2017,60
Canada,CAN,2018,60.6
Canada,CAN,2019,60.8
Cape Verde,CPV,2004,38.4
Cape Verde,CPV,2005,38.7
Cape Verde,CPV,2006,38.5
Cape Verde,CPV,2007,37.5
Cape Verde,CPV,2008,37.5
Cape Verde,CPV,2009,38.7
Cape Verde,CPV,2010,41.4
Cape Verde,CPV,2011,40.6
Cape Verde,CPV,2012,43.4
Cape Verde,CPV,2013,41.6
Cape Verde,CPV,2014,43.9
Cape Verde,CPV,2015,44.8
Cape Verde,CPV,2016,42.6
Cape Verde,CPV,2017,42.3
Cape Verde,CPV,2018,41.9
Cape Verde,CPV,2019,41.7
Central African Republic,CAF,2004,42.5
Central African Republic,CAF,2005,42.8
Central African Republic,CAF,2006,42.6
Central African Republic,CAF,2007,42.6
Central African Republic,CAF,2008,42.7
Central African Republic,CAF,2009,42.3
Central African Republic,CAF,2010,42.4
Central African Republic,CAF,2011,42.3
Central African Republic,CAF,2012,42.2
Central African Republic,CAF,2013,44.4
Central African Republic,CAF,2014,42.9
Central African Republic,CAF,2015,42.6
Central African Republic,CAF,2016,42.6
Central African Republic,CAF,2017,42.6
Central African Republic,CAF,2018,42.6
Central African Republic,CAF,2019,42.6
Central and Southern Asia (UN),,2004,51.9
Central and Southern Asia (UN),,2005,50.8
Central and Southern Asia (UN),,2006,49
Central and Southern Asia (UN),,2007,48.1
Central and Southern Asia (UN),,2008,51.1
Central and Southern Asia (UN),,2009,52.3
Central and Southern Asia (UN),,2010,50.6
Central and Southern Asia (UN),,2011,49.9
Central and Southern Asia (UN),,2012,49.5
Central and Southern Asia (UN),,2013,49.1
Central and Southern Asia (UN),,2014,49.8
Central and Southern Asia (UN),,2015,49.4
Central and Southern Asia (UN),,2016,49.4
Central and Southern Asia (UN),,2017,50.4
Central and Southern Asia (UN),,2018,50.3
Central and Southern Asia (UN),,2019,50.9
Chad,TCD,2004,40.3
Chad,TCD,2005,40.4
Chad,TCD,2006,39.7
Chad,TCD,2007,41.5
Chad,TCD,2008,39.6
Chad,TCD,2009,46.3
Chad,TCD,2010,39.3
Chad,TCD,2011,39.9
Chad,TCD,2012,39
Chad,TCD,2013,39.7
Chad,TCD,2014,39.3
Chad,TCD,2015,39.4
Chad,TCD,2016,40.7
Chad,TCD,2017,40.9
Chad,TCD,2018,40.4
Chad,TCD,2019,40.4
Channel Islands,OWID_CIS,2004,56.3
Channel Islands,OWID_CIS,2005,56.1
Channel Islands,OWID_CIS,2006,55.3
Channel Islands,OWID_CIS,2007,55
Channel Islands,OWID_CIS,2008,56.4
Channel Islands,OWID_CIS,2009,57.3
Channel Islands,OWID_CIS,2010,55.9
Channel Islands,OWID_CIS,2011,56.1
Channel Islands,OWID_CIS,2012,56
Channel Islands,OWID_CIS,2013,55.9
Channel Islands,OWID_CIS,2014,55.7
Channel Islands,OWID_CIS,2015,55.8
Channel Islands,OWID_CIS,2016,56
Channel Islands,OWID_CIS,2017,56
Channel Islands,OWID_CIS,2018,56.1
Channel Islands,OWID_CIS,2019,56.1
Chile,CHL,2004,64.4
Chile,CHL,2005,60.6
Chile,CHL,2006,54.8
Chile,CHL,2007,51.6
Chile,CHL,2008,53.8
Chile,CHL,2009,52.4
Chile,CHL,2010,54.5
Chile,CHL,2011,59.5
Chile,CHL,2012,59.4
Chile,CHL,2013,59.9
Chile,CHL,2014,60.3
Chile,CHL,2015,61.1
Chile,CHL,2016,61.3
Chile,CHL,2017,61.2
Chile,CHL,2018,61.8
Chile,CHL,2019,62.5
China,CHN,2004,49.9
China,CHN,2005,49.6
China,CHN,2006,48.7
China,CHN,2007,48.1
China,CHN,2008,48.4
China,CHN,2009,48.6
China,CHN,2010,47.8
China,CHN,2011,48
China,CHN,2012,48.9
China,CHN,2013,50.1
China,CHN,2014,50.7
China,CHN,2015,51.6
China,CHN,2016,51.8
China,CHN,2017,51.6
China,CHN,2018,51.5
China,CHN,2019,51.6
Colombia,COL,2004,49.6
Colombia,COL,2005,49.8
Colombia,COL,2006,49.1
Colombia,COL,2007,47.7
Colombia,COL,2008,50.6
Colombia,COL,2009,54
Colombia,COL,2010,54.4
Colombia,COL,2011,51.8
Colombia,COL,2012,52.7
Colombia,COL,2013,52.5
Colombia,COL,2014,52.1
Colombia,COL,2015,53.7
Colombia,COL,2016,53.3
Colombia,COL,2017,53.5
Colombia,COL,2018,54.2
Colombia,COL,2019,53.4
Comoros,COM,2004,42.4
Comoros,COM,2005,41.9
Comoros,COM,2006,41.9
Comoros,COM,2007,42.7
Comoros,COM,2008,41.2
Comoros,COM,2009,41.5
Comoros,COM,2010,41.2
Comoros,COM,2011,41
Comoros,COM,2012,41.4
Comoros,COM,2013,40.7
Comoros,COM,2014,41.8
Comoros,COM,2015,42.2
Comoros,COM,2016,41.2
Comoros,COM,2017,41
Comoros,COM,2018,41.2
Comoros,COM,2019,41.8
Congo,COG,2004,42.7
Congo,COG,2005,42.4
Congo,COG,2006,42.4
Congo,COG,2007,43.4
Congo,COG,2008,42.5
Congo,COG,2009,42.1
Congo,COG,2010,42.2
Congo,COG,2011,42.7
Congo,COG,2012,42.1
Congo,COG,2013,42.8
Congo,COG,2014,42.2
Congo,COG,2015,42.9
Congo,COG,2016,43.4
Congo,COG,2017,43
Congo,COG,2018,43
Congo,COG,2019,42.6
Costa Rica,CRI,2004,56
Costa Rica,CRI,2005,54
Costa Rica,CRI,2006,53.8
Costa Rica,CRI,2007,53.4
Costa Rica,CRI,2008,54.6
Costa Rica,CRI,2009,57.5
Costa Rica,CRI,2010,55.3
Costa Rica,CRI,2011,54.6
Costa Rica,CRI,2012,55.1
Costa Rica,CRI,2013,56.3
Costa Rica,CRI,2014,55
Costa Rica,CRI,2015,54.8
Costa Rica,CRI,2016,53.7
Costa Rica,CRI,2017,52.4
Costa Rica,CRI,2018,53
Costa Rica,CRI,2019,53.5
Cote d'Ivoire,CIV,2004,39.8
Cote d'Ivoire,CIV,2005,39.7
Cote d'Ivoire,CIV,2006,39.5
Cote d'Ivoire,CIV,2007,39.8
Cote d'Ivoire,CIV,2008,36.8
Cote d'Ivoire,CIV,2009,37.4
Cote d'Ivoire,CIV,2010,37.5
Cote d'Ivoire,CIV,2011,34.8
Cote d'Ivoire,CIV,2012,35.3
Cote d'Ivoire,CIV,2013,34.8
Cote d'Ivoire,CIV,2014,34.6
Cote d'Ivoire,CIV,2015,34.4
Cote d'Ivoire,CIV,2016,34.4
Cote d'Ivoire,CIV,2017,33.9
Cote d'Ivoire,CIV,2018,33.7
Cote d'Ivoire,CIV,2019,33.6
Croatia,HRV,2004,63.3
Croatia,HRV,2005,63.4
Croatia,HRV,2006,61
Croatia,HRV,2007,59.5
Croatia,HRV,2008,59.7
Croatia,HRV,2009,62
Croatia,HRV,2010,61
Croatia,HRV,2011,59.8
Croatia,HRV,2012,59.3
Croatia,HRV,2013,58.4
Croatia,HRV,2014,56.6
Croatia,HRV,2015,58.3
Croatia,HRV,2016,56
Croatia,HRV,2017,54.8
Croatia,HRV,2018,57.4
Croatia,HRV,2019,57.8
Cuba,CUB,2004,40.1
Cuba,CUB,2005,42.1
Cuba,CUB,2006,39.7
Cuba,CUB,2007,38.2
Cuba,CUB,2008,39.3
Cuba,CUB,2009,40.5
Cuba,CUB,2010,40.4
Cuba,CUB,2011,41
Cuba,CUB,2012,41.2
Cuba,CUB,2013,41.4
Cuba,CUB,2014,41.8
Cuba,CUB,2015,41.4
Cuba,CUB,2016,42.2
Cuba,CUB,2017,42.2
Cuba,CUB,2018,42.1
Cuba,CUB,2019,42.6
Cyprus,CYP,2004,53.9
Cyprus,CYP,2005,56.5
Cyprus,CYP,2006,54.1
Cyprus,CYP,2007,53.6
Cyprus,CYP,2008,55.3
Cyprus,CYP,2009,58.4
Cyprus,CYP,2010,57.1
Cyprus,CYP,2011,57.5
Cyprus,CYP,2012,56.1
Cyprus,CYP,2013,54
Cyprus,CYP,2014,52
Cyprus,CYP,2015,49.6
Cyprus,CYP,2016,48.1
Cyprus,CYP,2017,48.4
Cyprus,CYP,2018,49.2
Cyprus,CYP,2019,49.7
Czechia,CZE,2004,52.1
Czechia,CZE,2005,51.5
Czechia,CZE,2006,51.5
Czechia,CZE,2007,51.6
Czechia,CZE,2008,52.5
Czechia,CZE,2009,53.3
Czechia,CZE,2010,54.2
Czechia,CZE,2011,53.4
Czechia,CZE,2012,54.9
Czechia,CZE,2013,53.9
Czechia,CZE,2014,53.3
Czechia,CZE,2015,51.7
Czechia,CZE,2016,52.6
Czechia,CZE,2017,54.8
Czechia,CZE,2018,56.3
Czechia,CZE,2019,56.4
Democratic Republic of Congo,COD,2004,40.8
Democratic Republic of Congo,COD,2005,40.9
Democratic Republic of Congo,COD,2006,40.9
Democratic Republic of Congo,COD,2007,40.5
Democratic Republic of Congo,COD,2008,40.3
Democratic Republic of Congo,COD,2009,41.1
Democratic Republic of Congo,COD,2010,39.8
Democratic Republic of Congo,COD,2011,39.6
Democratic Republic of Congo,COD,2012,39.4
Democratic Republic of Congo,COD,2013,39
Democratic Republic of Congo,COD,2014,38.6
Democratic Republic of Congo,COD,2015,39.2
Democratic Republic of Congo,COD,2016,40.4
Democratic Republic of Congo,COD,2017,40
Democratic Republic of Congo,COD,2018,39.4
Democratic Republic of Congo,COD,2019,39.8
Denmark,DNK,2004,61.3
Denmark,DNK,2005,60.9
Denmark,DNK,2006,60.7
Denmark,DNK,2007,61.1
Denmark,DNK,2008,61
Denmark,DNK,2009,63.5
Denmark,DNK,2010,59.9
Denmark,DNK,2011,60.8
Denmark,DNK,2012,59.8
Denmark,DNK,2013,59.3
Denmark,DNK,2014,58.7
Denmark,DNK,2015,58.6
Denmark,DNK,2016,58
Denmark,DNK,2017,56.7
Denmark,DNK,2018,56.5
Denmark,DNK,2019,56.2
Developing regions,,2004,47
Developing regions,,2005,46.5
Developing regions,,2006,46
Developing regions,,2007,45.5
Developing regions,,2008,46.1
Developing regions,,2009,47.5
Developing regions,,2010,46.5
Developing regions,,2011,46.4
Developing regions,,2012,46.8
Developing regions,,2013,47.3
Developing regions,,2014,47.9
Developing regions,,2015,48.3
Developing regions,,2016,48.5
Developing regions,,2017,48.4
Developing regions,,2018,48.4
Developing regions,,2019,48.6
Djibouti,DJI,2004,42.2
Djibouti,DJI,2005,42.1
Djibouti,DJI,2006,41.7
Djibouti,DJI,2007,41.6
Djibouti,DJI,2008,41.4
Djibouti,DJI,2009,42.4
Djibouti,DJI,2010,41.8
Djibouti,DJI,2011,41
Djibouti,DJI,2012,41.6
Djibouti,DJI,2013,41.6
Djibouti,DJI,2014,41.1
Djibouti,DJI,2015,40.9
Djibouti,DJI,2016,41.2
Djibouti,DJI,2017,41.5
Djibouti,DJI,2018,40.7
Djibouti,DJI,2019,40.8
Dominican Republic,DOM,2004,52.7
Dominican Republic,DOM,2005,51.2
Dominican Republic,DOM,2006,51.4
Dominican Republic,DOM,2007,51.6
Dominican Republic,DOM,2008,53.6
Dominican Republic,DOM,2009,56.7
Dominican Republic,DOM,2010,55.9
Dominican Republic,DOM,2011,55.5
Dominican Republic,DOM,2012,51
Dominican Republic,DOM,2013,52.4
Dominican Republic,DOM,2014,51.2
Dominican Republic,DOM,2015,48.7
Dominican Republic,DOM,2016,47.2
Dominican Republic,DOM,2017,47.7
Dominican Republic,DOM,2018,47.2
Dominican Republic,DOM,2019,47.3
Eastern and South-Eastern Asia (UN),,2004,50.3
Eastern and South-Eastern Asia (UN),,2005,50.2
Eastern and South-Eastern Asia (UN),,2006,49.8
Eastern and South-Eastern Asia (UN),,2007,49.2
Eastern and South-Eastern Asia (UN),,2008,49.8
Eastern and South-Eastern Asia (UN),,2009,50
Eastern and South-Eastern Asia (UN),,2010,48.9
Eastern and South-Eastern Asia (UN),,2011,49.3
Eastern and South-Eastern Asia (UN),,2012,49.7
Eastern and South-Eastern Asia (UN),,2013,50.1
Eastern and South-Eastern Asia (UN),,2014,50.5
Eastern and South-Eastern Asia (UN),,2015,50.7
Eastern and South-Eastern Asia (UN),,2016,50.8
Eastern and South-Eastern Asia (UN),,2017,50.6
Eastern and South-Eastern Asia (UN),,2018,50.7
Eastern and South-Eastern Asia (UN),,2019,50.7
Ecuador,ECU,2004,44.7
Ecuador,ECU,2005,44.8
Ecuador,ECU,2006,45.3
Ecuador,ECU,2007,45.6
Ecuador,ECU,2008,44.1
Ecuador,ECU,2009,49.2
Ecuador,ECU,2010,47.8
Ecuador,ECU,2011,48.6
Ecuador,ECU,2012,50.8
Ecuador,ECU,2013,51.7
Ecuador,ECU,2014,51.1
Ecuador,ECU,2015,53
Ecuador,ECU,2016,52.8
Ecuador,ECU,2017,52.8
Ecuador,ECU,2018,54.7
Ecuador,ECU,2019,55.1
Egypt,EGY,2004,41.3
Egypt,EGY,2005,39
Egypt,EGY,2006,38.2
Egypt,EGY,2007,38.5
Egypt,EGY,2008,36.1
Egypt,EGY,2009,36
Egypt,EGY,2010,36.2
Egypt,EGY,2011,38.8
Egypt,EGY,2012,37.3
Egypt,EGY,2013,41.7
Egypt,EGY,2014,43.8
Egypt,EGY,2015,43.3
Egypt,EGY,2016,42.3
Egypt,EGY,2017,42.8
Egypt,EGY,2018,42.5
Egypt,EGY,2019,42.7
El Salvador,SLV,2004,45.6
El Salvador,SLV,2005,45.1
El Salvador,SLV,2006,44.4
El Salvador,SLV,2007,45.3
El Salvador,SLV,2008,45
El Salvador,SLV,2009,46.7
El Salvador,SLV,2010,45.2
El Salvador,SLV,2011,44.7
El Salvador,SLV,2012,45.1
El Salvador,SLV,2013,45.1
El Salvador,SLV,2014,45.3
El Salvador,SLV,2015,45.3
El Salvador,SLV,2016,45.3
El Salvador,SLV,2017,45.4
El Salvador,SLV,2018,45.6
El Salvador,SLV,2019,45.6
Equatorial Guinea,GNQ,2004,48.2
Equatorial Guinea,GNQ,2005,48.9
Equatorial Guinea,GNQ,2006,49.2
Equatorial Guinea,GNQ,2007,48.9
Equatorial Guinea,GNQ,2008,48.7
Equatorial Guinea,GNQ,2009,49.3
Equatorial Guinea,GNQ,2010,49.7
Equatorial Guinea,GNQ,2011,49.2
Equatorial Guinea,GNQ,2012,49
Equatorial Guinea,GNQ,2013,49.5
Equatorial Guinea,GNQ,2014,49.4
Equatorial Guinea,GNQ,2015,49.8
Equatorial Guinea,GNQ,2016,49.9
Equatorial Guinea,GNQ,2017,49.8
Equatorial Guinea,GNQ,2018,49.9
Equatorial Guinea,GNQ,2019,49.9
Eritrea,ERI,2004,41.8
Eritrea,ERI,2005,41.7
Eritrea,ERI,2006,41.9
Eritrea,ERI,2007,41.7
Eritrea,ERI,2008,42.2
Eritrea,ERI,2009,41.6
Eritrea,ERI,2010,41.6
Eritrea,ERI,2011,41.2
Eritrea,ERI,2012,41.5
Eritrea,ERI,2013,42.1
Eritrea,ERI,2014,40.1
Eritrea,ERI,2015,42.4
Eritrea,ERI,2016,41.2
Eritrea,ERI,2017,42
Eritrea,ERI,2018,40.9
Eritrea,ERI,2019,41.3
Estonia,EST,2004,49.6
Estonia,EST,2005,48.5
Estonia,EST,2006,49.1
Estonia,EST,2007,51.7
Estonia,EST,2008,56.2
Estonia,EST,2009,55.9
Estonia,EST,2010,52
Estonia,EST,2011,50.7
Estonia,EST,2012,51.3
Estonia,EST,2013,52.5
Estonia,EST,2014,54.1
Estonia,EST,2015,56.5
Estonia,EST,2016,54.6
Estonia,EST,2017,56.7
Estonia,EST,2018,57
Estonia,EST,2019,58.3
Eswatini,SWZ,2004,39.9
Eswatini,SWZ,2005,39.2
Eswatini,SWZ,2006,39.2
Eswatini,SWZ,2007,39.7
Eswatini,SWZ,2008,40.7
Eswatini,SWZ,2009,40.5
Eswatini,SWZ,2010,39.9
Eswatini,SWZ,2011,40.4
Eswatini,SWZ,2012,39.5
Eswatini,SWZ,2013,39.9
Eswatini,SWZ,2014,40.8
Eswatini,SWZ,2015,40.4
Eswatini,SWZ,2016,40.8
Eswatini,SWZ,2017,40.5
Eswatini,SWZ,2018,40.4
Eswatini,SWZ,2019,40.4
Ethiopia,ETH,2004,41.1
Ethiopia,ETH,2005,41.7
Ethiopia,ETH,2006,41.9
Ethiopia,ETH,2007,41.6
Ethiopia,ETH,2008,41.8
Ethiopia,ETH,2009,42.3
Ethiopia,ETH,2010,41.1
Ethiopia,ETH,2011,41.4
Ethiopia,ETH,2012,42.1
Ethiopia,ETH,2013,41.5
Ethiopia,ETH,2014,41.6
Ethiopia,ETH,2015,41.5
Ethiopia,ETH,2016,41.7
Ethiopia,ETH,2017,41.6
Ethiopia,ETH,2018,42.3
Ethiopia,ETH,2019,41.8
Europe (UN),,2004,58.2
Europe (UN),,2005,58
Europe (UN),,2006,57.5
Europe (UN),,2007,57.7
Europe (UN),,2008,58
Europe (UN),,2009,59.8
Europe (UN),,2010,58.7
Europe (UN),,2011,57
Europe (UN),,2012,57.1
Europe (UN),,2013,57.3
Europe (UN),,2014,57.3
Europe (UN),,2015,56.6
Europe (UN),,2016,56.9
Europe (UN),,2017,56.6
Europe (UN),,2018,56.8
Europe (UN),,2019,57
Europe and Northern America (UN),,2004,59.7
Europe and Northern America (UN),,2005,59.2
Europe and Northern America (UN),,2006,58.9
Europe and Northern America (UN),,2007,59
Europe and Northern America (UN),,2008,59.1
Europe and Northern America (UN),,2009,59.9
Europe and Northern America (UN),,2010,58.8
Europe and Northern America (UN),,2011,57.8
Europe and Northern America (UN),,2012,57.8
Europe and Northern America (UN),,2013,57.7
Europe and Northern America (UN),,2014,57.7
Europe and Northern America (UN),,2015,57.6
Europe and Northern America (UN),,2016,57.7
Europe and Northern America (UN),,2017,57.5
Europe and Northern America (UN),,2018,57.5
Europe and Northern America (UN),,2019,57.6
Fiji,FJI,2004,42.5
Fiji,FJI,2005,43.5
Fiji,FJI,2006,43.3
Fiji,FJI,2007,43.8
Fiji,FJI,2008,43.5
Fiji,FJI,2009,44
Fiji,FJI,2010,43.1
Fiji,FJI,2011,43.2
Fiji,FJI,2012,43.6
Fiji,FJI,2013,42.9
Fiji,FJI,2014,42.8
Fiji,FJI,2015,43.1
Fiji,FJI,2016,43.6
Fiji,FJI,2017,43
Fiji,FJI,2018,43.3
Fiji,FJI,2019,44.1
Finland,FIN,2004,56.1
Finland,FIN,2005,56.6
Finland,FIN,2006,58.1
Finland,FIN,2007,56.5
Finland,FIN,2008,57.9
Finland,FIN,2009,61.4
Finland,FIN,2010,59.5
Finland,FIN,2011,58.7
Finland,FIN,2012,58.5
Finland,FIN,2013,58.1
Finland,FIN,2014,57.1
Finland,FIN,2015,57.6
Finland,FIN,2016,55.8
Finland,FIN,2017,53.9
Finland,FIN,2018,54.2
Finland,FIN,2019,54.6
France,FRA,2004,60.1
France,FRA,2005,61.4
France,FRA,2006,61.8
France,FRA,2007,63.8
France,FRA,2008,61.6
France,FRA,2009,62.5
France,FRA,2010,63.3
France,FRA,2011,63
France,FRA,2012,62.3
France,FRA,2013,61.6
France,FRA,2014,63.4
France,FRA,2015,62.1
France,FRA,2016,61.8
France,FRA,2017,59.8
France,FRA,2018,60.1
France,FRA,2019,59.3
French Polynesia,PYF,2004,53.3
French Polynesia,PYF,2005,53.5
French Polynesia,PYF,2006,53.6
French Polynesia,PYF,2007,53.4
French Polynesia,PYF,2008,53.8
French Polynesia,PYF,2009,54.7
French Polynesia,PYF,2010,54.3
French Polynesia,PYF,2011,54.4
French Polynesia,PYF,2012,54
French Polynesia,PYF,2013,53.7
French Polynesia,PYF,2014,53.6
French Polynesia,PYF,2015,53.3
French Polynesia,PYF,2016,53.2
French Polynesia,PYF,2017,53.2
French Polynesia,PYF,2018,53.2
French Polynesia,PYF,2019,53.2
Gabon,GAB,2004,33.5
Gabon,GAB,2005,28.7
Gabon,GAB,2006,29.4
Gabon,GAB,2007,28
Gabon,GAB,2008,29.3
Gabon,GAB,2009,28.7
Gabon,GAB,2010,27.7
Gabon,GAB,2011,27.6
Gabon,GAB,2012,27.9
Gabon,GAB,2013,27.8
Gabon,GAB,2014,28
Gabon,GAB,2015,28.1
Gabon,GAB,2016,28.4
Gabon,GAB,2017,28.6
Gabon,GAB,2018,28.6
Gabon,GAB,2019,28.2
Gambia,GMB,2004,41.6
Gambia,GMB,2005,42.7
Gambia,GMB,2006,42.5
Gambia,GMB,2007,42.1
Gambia,GMB,2008,41.7
Gambia,GMB,2009,41.6
Gambia,GMB,2010,41.7
Gambia,GMB,2011,43.3
Gambia,GMB,2012,41.8
Gambia,GMB,2013,42.1
Gambia,GMB,2014,42.7
Gambia,GMB,2015,42.2
Gambia,GMB,2016,42.5
Gambia,GMB,2017,42.3
Gambia,GMB,2018,42.1
Gambia,GMB,2019,42.2
Georgia,GEO,2004,34.4
Georgia,GEO,2005,34.4
Georgia,GEO,2006,33.6
Georgia,GEO,2007,37.3
Georgia,GEO,2008,44
Georgia,GEO,2009,51.5
Georgia,GEO,2010,43.7
Georgia,GEO,2011,45.8
Georgia,GEO,2012,47.7
Georgia,GEO,2013,51.3
Georgia,GEO,2014,50.1
Georgia,GEO,2015,51.2
Georgia,GEO,2016,55
Georgia,GEO,2017,53.9
Georgia,GEO,2018,53.8
Georgia,GEO,2019,55.3
Germany,DEU,2004,62.5
Germany,DEU,2005,62.2
Germany,DEU,2006,60.1
Germany,DEU,2007,59.1
Germany,DEU,2008,59.7
Germany,DEU,2009,62.9
Germany,DEU,2010,61.7
Germany,DEU,2011,61.1
Germany,DEU,2012,62.1
Germany,DEU,2013,62.2
Germany,DEU,2014,61.9
Germany,DEU,2015,62.2
Germany,DEU,2016,61.7
Germany,DEU,2017,61.9
Germany,DEU,2018,62.6
Germany,DEU,2019,63.2
Ghana,GHA,2004,42.2
Ghana,GHA,2005,42.1
Ghana,GHA,2006,41.9
Ghana,GHA,2007,42.2
Ghana,GHA,2008,41.4
Ghana,GHA,2009,42.1
Ghana,GHA,2010,41.5
Ghana,GHA,2011,40.5
Ghana,GHA,2012,41.3
Ghana,GHA,2013,41.6
Ghana,GHA,2014,42.5
Ghana,GHA,2015,42.7
Ghana,GHA,2016,42.5
Ghana,GHA,2017,41.7
Ghana,GHA,2018,42
Ghana,GHA,2019,41.9
Greece,GRC,2004,53.8
Greece,GRC,2005,55.5
Greece,GRC,2006,54.3
Greece,GRC,2007,54
Greece,GRC,2008,54.9
Greece,GRC,2009,57.5
Greece,GRC,2010,58
Greece,GRC,2011,59.7
Greece,GRC,2012,59.2
Greece,GRC,2013,56.2
Greece,GRC,2014,56
Greece,GRC,2015,53
Greece,GRC,2016,54.4
Greece,GRC,2017,54.3
Greece,GRC,2018,56.4
Greece,GRC,2019,55.9
Guam,GUM,2004,52.6
Guam,GUM,2005,53.2
Guam,GUM,2006,54.9
Guam,GUM,2007,53.9
Guam,GUM,2008,53.6
Guam,GUM,2009,54
Guam,GUM,2010,53.6
Guam,GUM,2011,54.1
Guam,GUM,2012,53.6
Guam,GUM,2013,53.7
Guam,GUM,2014,53.7
Guam,GUM,2015,53.9
Guam,GUM,2016,54.1
Guam,GUM,2017,53.9
Guam,GUM,2018,54.3
Guam,GUM,2019,53.6
Guatemala,GTM,2004,52.5
Guatemala,GTM,2005,50
Guatemala,GTM,2006,47.5
Guatemala,GTM,2007,45.4
Guatemala,GTM,2008,44.1
Guatemala,GTM,2009,43.8
Guatemala,GTM,2010,43.1
Guatemala,GTM,2011,39.3
Guatemala,GTM,2012,40
Guatemala,GTM,2013,51.6
Guatemala,GTM,2014,47.9
Guatemala,GTM,2015,48.8
Guatemala,GTM,2016,47.8
Guatemala,GTM,2017,49.8
Guatemala,GTM,2018,48.2
Guatemala,GTM,2019,46.8
Guinea,GIN,2004,42.9
Guinea,GIN,2005,43.3
Guinea,GIN,2006,45.8
Guinea,GIN,2007,45.2
Guinea,GIN,2008,45
Guinea,GIN,2009,48.8
Guinea,GIN,2010,48.3
Guinea,GIN,2011,48.1
Guinea,GIN,2012,47.1
Guinea,GIN,2013,48.3
Guinea,GIN,2014,48.6
Guinea,GIN,2015,49
Guinea,GIN,2016,42.9
Guinea,GIN,2017,43.6
Guinea,GIN,2018,42.6
Guinea,GIN,2019,42.1
Guinea-Bissau,GNB,2004,42.3
Guinea-Bissau,GNB,2005,42
Guinea-Bissau,GNB,2006,42.4
Guinea-Bissau,GNB,2007,42.2
Guinea-Bissau,GNB,2008,42.1
Guinea-Bissau,GNB,2009,42.1
Guinea-Bissau,GNB,2010,41.8
Guinea-Bissau,GNB,2011,41.1
Guinea-Bissau,GNB,2012,43.1
Guinea-Bissau,GNB,2013,42
Guinea-Bissau,GNB,2014,42.5
Guinea-Bissau,GNB,2015,41.5
Guinea-Bissau,GNB,2016,41.4
Guinea-Bissau,GNB,2017,41.4
Guinea-Bissau,GNB,2018,42.4
Guinea-Bissau,GNB,2019,41.7
Guyana,GUY,2004,48.6
Guyana,GUY,2005,49.4
Guyana,GUY,2006,47.9
Guyana,GUY,2007,47.4
Guyana,GUY,2008,48.6
Guyana,GUY,2009,48.1
Guyana,GUY,2010,48.1
Guyana,GUY,2011,47.8
Guyana,GUY,2012,47.7
Guyana,GUY,2013,48.1
Guyana,GUY,2014,48.5
Guyana,GUY,2015,48.7
Guyana,GUY,2016,48
Guyana,GUY,2017,48
Guyana,GUY,2018,48
Guyana,GUY,2019,48.5
Haiti,HTI,2004,46.1
Haiti,HTI,2005,45.2
Haiti,HTI,2006,45.6
Haiti,HTI,2007,44.9
Haiti,HTI,2008,45.4
Haiti,HTI,2009,44.7
Haiti,HTI,2010,46.6
Haiti,HTI,2011,44.8
Haiti,HTI,2012,45.8
Haiti,HTI,2013,45.3
Haiti,HTI,2014,45.2
Haiti,HTI,2015,45.5
Haiti,HTI,2016,45.5
Haiti,HTI,2017,45.4
Haiti,HTI,2018,45.5
Haiti,HTI,2019,46.1
Honduras,HND,2004,69.2
Honduras,HND,2005,68.5
Honduras,HND,2006,65.6
Honduras,HND,2007,68.8
Honduras,HND,2008,68.7
Honduras,HND,2009,73.9
Honduras,HND,2010,76.5
Honduras,HND,2011,73.2
Honduras,HND,2012,71.5
Honduras,HND,2013,70.1
Honduras,HND,2014,65.3
Honduras,HND,2015,62.5
Honduras,HND,2016,60.7
Honduras,HND,2017,62.8
Honduras,HND,2018,61.6
Honduras,HND,2019,61.7
Hong Kong,HKG,2004,55.8
Hong Kong,HKG,2005,54.3
Hong Kong,HKG,2006,53.9
Hong Kong,HKG,2007,53.3
Hong Kong,HKG,2008,52.8
Hong Kong,HKG,2009,55.5
Hong Kong,HKG,2010,55.1
Hong Kong,HKG,2011,55.2
Hong Kong,HKG,2012,56
Hong Kong,HKG,2013,55.4
Hong Kong,HKG,2014,54.9
Hong Kong,HKG,2015,54.1
Hong Kong,HKG,2016,54.8
Hong Kong,HKG,2017,54.2
Hong Kong,HKG,2018,52.9
Hong Kong,HKG,2019,54.1
Hungary,HUN,2004,57.5
Hungary,HUN,2005,57.8
Hungary,HUN,2006,57.2
Hungary,HUN,2007,55.4
Hungary,HUN,2008,53.7
Hungary,HUN,2009,53.3
Hungary,HUN,2010,51.2
Hungary,HUN,2011,50.7
Hungary,HUN,2012,51.9
Hungary,HUN,2013,50.6
Hungary,HUN,2014,49.6
Hungary,HUN,2015,48.4
Hungary,HUN,2016,49.5
Hungary,HUN,2017,49.4
Hungary,HUN,2018,49.6
Hungary,HUN,2019,48.9
Iceland,ISL,2004,65.9
Iceland,ISL,2005,70.5
Iceland,ISL,2006,72.5
Iceland,ISL,2007,72.4
Iceland,ISL,2008,64.3
Iceland,ISL,2009,55.2
Iceland,ISL,2010,57.3
Iceland,ISL,2011,60.6
Iceland,ISL,2012,62.4
Iceland,ISL,2013,63.4
Iceland,ISL,2014,63.5
Iceland,ISL,2015,61.4
Iceland,ISL,2016,60.9
Iceland,ISL,2017,61.1
Iceland,ISL,2018,61.1
Iceland,ISL,2019,61.3
India,IND,2004,59.8
India,IND,2005,58
India,IND,2006,55
India,IND,2007,54.1
India,IND,2008,58.8
India,IND,2009,59.6
India,IND,2010,56.8
India,IND,2011,55.5
India,IND,2012,54.5
India,IND,2013,54.1
India,IND,2014,54.8
India,IND,2015,53.4
India,IND,2016,53.8
India,IND,2017,55.4
India,IND,2018,55.2
India,IND,2019,56
Indonesia,IDN,2004,40.7
Indonesia,IDN,2005,40.1
Indonesia,IDN,2006,40.4
Indonesia,IDN,2007,39.7
Indonesia,IDN,2008,40.6
Indonesia,IDN,2009,41.6
Indonesia,IDN,2010,40
Indonesia,IDN,2011,39.8
Indonesia,IDN,2012,39.7
Indonesia,IDN,2013,40
Indonesia,IDN,2014,40.5
Indonesia,IDN,2015,40.4
Indonesia,IDN,2016,40.2
Indonesia,IDN,2017,39.8
Indonesia,IDN,2018,39.8
Indonesia,IDN,2019,39.9
Iran,IRN,2004,35.5
Iran,IRN,2005,35.4
Iran,IRN,2006,35.2
Iran,IRN,2007,31.4
Iran,IRN,2008,32.5
Iran,IRN,2009,35.4
Iran,IRN,2010,34.5
Iran,IRN,2011,36.4
Iran,IRN,2012,37.9
Iran,IRN,2013,36.6
Iran,IRN,2014,37.6
Iran,IRN,2015,41.8
Iran,IRN,2016,40.1
Iran,IRN,2017,40.4
Iran,IRN,2018,38.3
Iran,IRN,2019,38.3
Iraq,IRQ,2004,27.1
Iraq,IRQ,2005,29.3
Iraq,IRQ,2006,29.2
Iraq,IRQ,2007,29.4
Iraq,IRQ,2008,29
Iraq,IRQ,2009,29.2
Iraq,IRQ,2010,28.9
Iraq,IRQ,2011,28.8
Iraq,IRQ,2012,28.4
Iraq,IRQ,2013,28.5
Iraq,IRQ,2014,28.7
Iraq,IRQ,2015,28.4
Iraq,IRQ,2016,27.9
Iraq,IRQ,2017,28.4
Iraq,IRQ,2018,28.4
Iraq,IRQ,2019,28.2
Ireland,IRL,2004,48.9
Ireland,IRL,2005,49.4
Ireland,IRL,2006,49.6
Ireland,IRL,2007,51
Ireland,IRL,2008,55.3
Ireland,IRL,2009,55.9
Ireland,IRL,2010,52.7
Ireland,IRL,2011,50.1
Ireland,IRL,2012,49.2
Ireland,IRL,2013,49.1
Ireland,IRL,2014,46.9
Ireland,IRL,2015,36.8
Ireland,IRL,2016,38
Ireland,IRL,2017,36.4
Ireland,IRL,2018,35.3
Ireland,IRL,2019,34.6
Israel,ISR,2004,53.4
Israel,ISR,2005,53.8
Israel,ISR,2006,54.6
Israel,ISR,2007,54.6
Israel,ISR,2008,55.4
Israel,ISR,2009,53.6
Israel,ISR,2010,53.3
Israel,ISR,2011,53.6
Israel,ISR,2012,53.1
Israel,ISR,2013,52.1
Israel,ISR,2014,51.6
Israel,ISR,2015,51.8
Israel,ISR,2016,52.3
Israel,ISR,2017,53.2
Israel,ISR,2018,53.9
Israel,ISR,2019,53.3
Italy,ITA,2004,60.2
Italy,ITA,2005,60
Italy,ITA,2006,60
Italy,ITA,2007,59.6
Italy,ITA,2008,59.4
Italy,ITA,2009,60.1
Italy,ITA,2010,59.1
Italy,ITA,2011,57.7
Italy,ITA,2012,57.8
Italy,ITA,2013,57.9
Italy,ITA,2014,57.4
Italy,ITA,2015,58
Italy,ITA,2016,60
Italy,ITA,2017,61.5
Italy,ITA,2018,61.7
Italy,ITA,2019,61.8
Jamaica,JAM,2004,56.4
Jamaica,JAM,2005,55.4
Jamaica,JAM,2006,56.3
Jamaica,JAM,2007,56.8
Jamaica,JAM,2008,59.3
Jamaica,JAM,2009,58
Jamaica,JAM,2010,57
Jamaica,JAM,2011,56.4
Jamaica,JAM,2012,59
Jamaica,JAM,2013,56.9
Jamaica,JAM,2014,56.5
Jamaica,JAM,2015,55.4
Jamaica,JAM,2016,54.9
Jamaica,JAM,2017,53.9
Jamaica,JAM,2018,53.7
Jamaica,JAM,2019,54.3
Japan,JPN,2004,55.1
Japan,JPN,2005,55.2
Japan,JPN,2006,55.4
Japan,JPN,2007,55
Japan,JPN,2008,56.5
Japan,JPN,2009,57.2
Japan,JPN,2010,55.7
Japan,JPN,2011,56.9
Japan,JPN,2012,56.3
Japan,JPN,2013,55.5
Japan,JPN,2014,55.2
Japan,JPN,2015,54
Japan,JPN,2016,54.8
Japan,JPN,2017,54.7
Japan,JPN,2018,56.1
Japan,JPN,2019,56.1
Jordan,JOR,2004,41.7
Jordan,JOR,2005,41.8
Jordan,JOR,2006,41.7
Jordan,JOR,2007,41.7
Jordan,JOR,2008,41.9
Jordan,JOR,2009,44.1
Jordan,JOR,2010,41.8
Jordan,JOR,2011,42.5
Jordan,JOR,2012,43
Jordan,JOR,2013,42.6
Jordan,JOR,2014,42.2
Jordan,JOR,2015,42.9
Jordan,JOR,2016,43.9
Jordan,JOR,2017,44.5
Jordan,JOR,2018,44.3
Jordan,JOR,2019,44.6
Kazakhstan,KAZ,2004,50.6
Kazakhstan,KAZ,2005,49.5
Kazakhstan,KAZ,2006,47.2
Kazakhstan,KAZ,2007,51.2
Kazakhstan,KAZ,2008,48.1
Kazakhstan,KAZ,2009,50.2
Kazakhstan,KAZ,2010,50.5
Kazakhstan,KAZ,2011,47.8
Kazakhstan,KAZ,2012,47.3
Kazakhstan,KAZ,2013,43.8
Kazakhstan,KAZ,2014,43.7
Kazakhstan,KAZ,2015,43.8
Kazakhstan,KAZ,2016,40.7
Kazakhstan,KAZ,2017,40.4
Kazakhstan,KAZ,2018,40.1
Kazakhstan,KAZ,2019,40
Kenya,KEN,2004,47.2
Kenya,KEN,2005,46.1
Kenya,KEN,2006,46.6
Kenya,KEN,2007,45.1
Kenya,KEN,2008,41.1
Kenya,KEN,2009,41.7
Kenya,KEN,2010,43.5
Kenya,KEN,2011,41.5
Kenya,KEN,2012,41.6
Kenya,KEN,2013,42.1
Kenya,KEN,2014,42.3
Kenya,KEN,2015,40.4
Kenya,KEN,2016,38.2
Kenya,KEN,2017,38.2
Kenya,KEN,2018,38.1
Kenya,KEN,2019,37.7
Kuwait,KWT,2004,28.1
Kuwait,KWT,2005,23.2
Kuwait,KWT,2006,21
Kuwait,KWT,2007,22.5
Kuwait,KWT,2008,21.3
Kuwait,KWT,2009,29
Kuwait,KWT,2010,27.9
Kuwait,KWT,2011,24.8
Kuwait,KWT,2012,24.8
Kuwait,KWT,2013,26.2
Kuwait,KWT,2014,29.2
Kuwait,KWT,2015,40.3
Kuwait,KWT,2016,42.4
Kuwait,KWT,2017,40.1
Kuwait,KWT,2018,37.3
Kuwait,KWT,2019,38
Kyrgyzstan,KGZ,2004,39.2
Kyrgyzstan,KGZ,2005,38.7
Kyrgyzstan,KGZ,2006,42.8
Kyrgyzstan,KGZ,2007,40.4
Kyrgyzstan,KGZ,2008,38.3
Kyrgyzstan,KGZ,2009,40.1
Kyrgyzstan,KGZ,2010,40.7
Kyrgyzstan,KGZ,2011,39.9
Kyrgyzstan,KGZ,2012,41.4
Kyrgyzstan,KGZ,2013,42.2
Kyrgyzstan,KGZ,2014,39.6
Kyrgyzstan,KGZ,2015,39.1
Kyrgyzstan,KGZ,2016,40.6
Kyrgyzstan,KGZ,2017,37.3
Kyrgyzstan,KGZ,2018,36.4
Kyrgyzstan,KGZ,2019,34
Laos,LAO,2004,42.4
Laos,LAO,2005,42
Laos,LAO,2006,41.1
Laos,LAO,2007,41.7
Laos,LAO,2008,41.5
Laos,LAO,2009,41.6
Laos,LAO,2010,41
Laos,LAO,2011,41.3
Laos,LAO,2012,41.3
Laos,LAO,2013,41.2
Laos,LAO,2014,41.4
Laos,LAO,2015,41.6
Laos,LAO,2016,41.7
Laos,LAO,2017,41.7
Laos,LAO,2018,42
Laos,LAO,2019,42.4
Latin America and the Caribbean (UN),,2004,47.5
Latin America and the Caribbean (UN),,2005,47.3
Latin America and the Caribbean (UN),,2006,47.2
Latin America and the Caribbean (UN),,2007,46.8
Latin America and the Caribbean (UN),,2008,47.4
Latin America and the Caribbean (UN),,2009,50
Latin America and the Caribbean (UN),,2010,48.5
Latin America and the Caribbean (UN),,2011,48.8
Latin America and the Caribbean (UN),,2012,49.4
Latin America and the Caribbean (UN),,2013,50.2
Latin America and the Caribbean (UN),,2014,50.7
Latin America and the Caribbean (UN),,2015,49.9
Latin America and the Caribbean (UN),,2016,49.8
Latin America and the Caribbean (UN),,2017,49.4
Latin America and the Caribbean (UN),,2018,48.9
Latin America and the Caribbean (UN),,2019,49.1
Latvia,LVA,2004,44.2
Latvia,LVA,2005,46.4
Latvia,LVA,2006,47.7
Latvia,LVA,2007,50.6
Latvia,LVA,2008,55.2
Latvia,LVA,2009,54
Latvia,LVA,2010,49.3
Latvia,LVA,2011,44.7
Latvia,LVA,2012,45.3
Latvia,LVA,2013,48
Latvia,LVA,2014,49.3
Latvia,LVA,2015,51.7
Latvia,LVA,2016,53
Latvia,LVA,2017,54.4
Latvia,LVA,2018,55
Latvia,LVA,2019,57
Least Developed Countries (LDCs),,2004,42.4
Least Developed Countries (LDCs),,2005,41.5
Least Developed Countries (LDCs),,2006,41.4
Least Developed Countries (LDCs),,2007,41.3
Least Developed Countries (LDCs),,2008,41.5
Least Developed Countries (LDCs),,2009,43.6
Least Developed Countries (LDCs),,2010,42.4
Least Developed Countries (LDCs),,2011,42.4
Least Developed Countries (LDCs),,2012,42.3
Least Developed Countries (LDCs),,2013,41.9
Least Developed Countries (LDCs),,2014,41.7
Least Developed Countries (LDCs),,2015,42.7
Least Developed Countries (LDCs),,2016,42.4
Least Developed Countries (LDCs),,2017,42.4
Least Developed Countries (LDCs),,2018,42.7
Least Developed Countries (LDCs),,2019,42.9
Lebanon,LBN,2004,47.6
Lebanon,LBN,2005,48
Lebanon,LBN,2006,48.2
Lebanon,LBN,2007,47.3
Lebanon,LBN,2008,47.3
Lebanon,LBN,2009,47.2
Lebanon,LBN,2010,47.4
Lebanon,LBN,2011,48.2
Lebanon,LBN,2012,48
Lebanon,LBN,2013,47.9
Lebanon,LBN,2014,48
Lebanon,LBN,2015,48.3
Lebanon,LBN,2016,48.2
Lebanon,LBN,2017,48.3
Lebanon,LBN,2018,48.6
Lebanon,LBN,2019,49.1
Lesotho,LSO,2004,71.6
Lesotho,LSO,2005,68.6
Lesotho,LSO,2006,64.7
Lesotho,LSO,2007,61.7
Lesotho,LSO,2008,61.1
Lesotho,LSO,2009,66.7
Lesotho,LSO,2010,66.5
Lesotho,LSO,2011,64.6
Lesotho,LSO,2012,66.6
Lesotho,LSO,2013,69.7
Lesotho,LSO,2014,69.6
Lesotho,LSO,2015,69.2
Lesotho,LSO,2016,68.9
Lesotho,LSO,2017,70.2
Lesotho,LSO,2018,69.7
Lesotho,LSO,2019,69.4
Liberia,LBR,2004,40
Liberia,LBR,2005,39.7
Liberia,LBR,2006,39.3
Liberia,LBR,2007,39.1
Liberia,LBR,2008,39.4
Liberia,LBR,2009,39.6
Liberia,LBR,2010,39.5
Liberia,LBR,2011,39.2
Liberia,LBR,2012,39.1
Liberia,LBR,2013,39
Liberia,LBR,2014,39.9
Liberia,LBR,2015,40
Liberia,LBR,2016,40.2
Liberia,LBR,2017,39.7
Liberia,LBR,2018,39.8
Liberia,LBR,2019,40.3
Libya,LBY,2004,46.4
Libya,LBY,2005,46.3
Libya,LBY,2006,46.4
Libya,LBY,2007,46.4
Libya,LBY,2008,46.4
Libya,LBY,2009,46.4
Libya,LBY,2010,46.3
Libya,LBY,2011,47.2
Libya,LBY,2012,44.8
Libya,LBY,2013,46.5
Libya,LBY,2014,46.7
Libya,LBY,2015,46.5
Libya,LBY,2016,46.5
Libya,LBY,2017,46.1
Libya,LBY,2018,46.3
Libya,LBY,2019,46.5
Lithuania,LTU,2004,45.6
Lithuania,LTU,2005,45.9
Lithuania,LTU,2006,48.6
Lithuania,LTU,2007,47.4
Lithuania,LTU,2008,49.3
Lithuania,LTU,2009,50.3
Lithuania,LTU,2010,45.8
Lithuania,LTU,2011,43.9
Lithuania,LTU,2012,43
Lithuania,LTU,2013,44.6
Lithuania,LTU,2014,44.2
Lithuania,LTU,2015,47.7
Lithuania,LTU,2016,47.8
Lithuania,LTU,2017,50.3
Lithuania,LTU,2018,50.9
Lithuania,LTU,2019,52.7
Luxembourg,LUX,2004,56.7
Luxembourg,LUX,2005,55.6
Luxembourg,LUX,2006,54
Luxembourg,LUX,2007,52.5
Luxembourg,LUX,2008,55.1
Luxembourg,LUX,2009,58.6
Luxembourg,LUX,2010,54.8
Luxembourg,LUX,2011,53.5
Luxembourg,LUX,2012,55.2
Luxembourg,LUX,2013,54.2
Luxembourg,LUX,2014,53.3
Luxembourg,LUX,2015,54.7
Luxembourg,LUX,2016,53.4
Luxembourg,LUX,2017,55
Luxembourg,LUX,2018,55.7
Luxembourg,LUX,2019,55.8
Macao,MAC,2004,27.9
Macao,MAC,2005,29.9
Macao,MAC,2006,31.3
Macao,MAC,2007,32.8
Macao,MAC,2008,32.2
Macao,MAC,2009,30.7
Macao,MAC,2010,24.7
Macao,MAC,2011,22.1
Macao,MAC,2012,22.1
Macao,MAC,2013,21.1
Macao,MAC,2014,23.4
Macao,MAC,2015,31.7
Macao,MAC,2016,32.6
Macao,MAC,2017,30.6
Macao,MAC,2018,30.7
Macao,MAC,2019,31.2
Madagascar,MDG,2004,40.8
Madagascar,MDG,2005,41
Madagascar,MDG,2006,41
Madagascar,MDG,2007,41.1
Madagascar,MDG,2008,41
Madagascar,MDG,2009,43.3
Madagascar,MDG,2010,42.6
Madagascar,MDG,2011,42.2
Madagascar,MDG,2012,41.8
Madagascar,MDG,2013,41.9
Madagascar,MDG,2014,41.8
Madagascar,MDG,2015,41.8
Madagascar,MDG,2016,41.6
Madagascar,MDG,2017,41.6
Madagascar,MDG,2018,41.7
Madagascar,MDG,2019,41.4
Malawi,MWI,2004,40.1
Malawi,MWI,2005,40.6
Malawi,MWI,2006,40.3
Malawi,MWI,2007,39.1
Malawi,MWI,2008,39.6
Malawi,MWI,2009,39.4
Malawi,MWI,2010,39.7
Malawi,MWI,2011,40.2
Malawi,MWI,2012,40.9
Malawi,MWI,2013,40.1
Malawi,MWI,2014,40
Malawi,MWI,2015,40.7
Malawi,MWI,2016,40.7
Malawi,MWI,2017,40.4
Malawi,MWI,2018,40.3
Malawi,MWI,2019,40
Malaysia,MYS,2004,31.6
Malaysia,MYS,2005,31.9
Malaysia,MYS,2006,31.9
Malaysia,MYS,2007,33.7
Malaysia,MYS,2008,36.6
Malaysia,MYS,2009,38.6
Malaysia,MYS,2010,38.4
Malaysia,MYS,2011,38.5
Malaysia,MYS,2012,40.4
Malaysia,MYS,2013,41.6
Malaysia,MYS,2014,41.6
Malaysia,MYS,2015,43
Malaysia,MYS,2016,43.2
Malaysia,MYS,2017,42.8
Malaysia,MYS,2018,43.3
Malaysia,MYS,2019,43.2
Maldives,MDV,2004,44.5
Maldives,MDV,2005,45.7
Maldives,MDV,2006,43.3
Maldives,MDV,2007,44.4
Maldives,MDV,2008,44.2
Maldives,MDV,2009,45.2
Maldives,MDV,2010,44.3
Maldives,MDV,2011,44.2
Maldives,MDV,2012,44.5
Maldives,MDV,2013,44.2
Maldives,MDV,2014,44.2
Maldives,MDV,2015,44.4
Maldives,MDV,2016,44.2
Maldives,MDV,2017,44
Maldives,MDV,2018,43.8
Maldives,MDV,2019,43.8
Mali,MLI,2004,42.1
Mali,MLI,2005,40.9
Mali,MLI,2006,41.2
Mali,MLI,2007,41.5
Mali,MLI,2008,41.2
Mali,MLI,2009,41.1
Mali,MLI,2010,41
Mali,MLI,2011,41.5
Mali,MLI,2012,42.4
Mali,MLI,2013,41.7
Mali,MLI,2014,40.7
Mali,MLI,2015,41.1
Mali,MLI,2016,41.1
Mali,MLI,2017,40.3
Mali,MLI,2018,40.9
Mali,MLI,2019,40.9
Malta,MLT,2004,52.9
Malta,MLT,2005,51.5
Malta,MLT,2006,52.5
Malta,MLT,2007,51.9
Malta,MLT,2008,50.6
Malta,MLT,2009,50.6
Malta,MLT,2010,48.6
Malta,MLT,2011,50.9
Malta,MLT,2012,50.7
Malta,MLT,2013,51.1
Malta,MLT,2014,49.1
Malta,MLT,2015,47.4
Malta,MLT,2016,49.5
Malta,MLT,2017,48.7
Malta,MLT,2018,49.6
Malta,MLT,2019,50.9
Mauritania,MRT,2004,41.9
Mauritania,MRT,2005,41.5
Mauritania,MRT,2006,40.4
Mauritania,MRT,2007,42.5
Mauritania,MRT,2008,42.3
Mauritania,MRT,2009,42.3
Mauritania,MRT,2010,42
Mauritania,MRT,2011,41.8
Mauritania,MRT,2012,41.8
Mauritania,MRT,2013,41.9
Mauritania,MRT,2014,41.8
Mauritania,MRT,2015,41.7
Mauritania,MRT,2016,42.2
Mauritania,MRT,2017,41.9
Mauritania,MRT,2018,42.1
Mauritania,MRT,2019,41.7
Mauritius,MUS,2004,47.4
Mauritius,MUS,2005,47.9
Mauritius,MUS,2006,46.4
Mauritius,MUS,2007,46
Mauritius,MUS,2008,46
Mauritius,MUS,2009,46.7
Mauritius,MUS,2010,46.4
Mauritius,MUS,2011,46.3
Mauritius,MUS,2012,46.4
Mauritius,MUS,2013,46.3
Mauritius,MUS,2014,45.9
Mauritius,MUS,2015,46
Mauritius,MUS,2016,45.8
Mauritius,MUS,2017,46.2
Mauritius,MUS,2018,46.5
Mauritius,MUS,2019,47.1
Mexico,MEX,2004,38.4
Mexico,MEX,2005,37.5
Mexico,MEX,2006,36.3
Mexico,MEX,2007,36
Mexico,MEX,2008,35.9
Mexico,MEX,2009,37.6
Mexico,MEX,2010,35.8
Mexico,MEX,2011,35.3
Mexico,MEX,2012,34.9
Mexico,MEX,2013,35.6
Mexico,MEX,2014,34.9
Mexico,MEX,2015,34.7
Mexico,MEX,2016,33.9
Mexico,MEX,2017,33.1
Mexico,MEX,2018,33.4
Mexico,MEX,2019,33.4
Moldova,MDA,2004,58.5
Moldova,MDA,2005,59.3
Moldova,MDA,2006,56.7
Moldova,MDA,2007,56
Moldova,MDA,2008,58.6
Moldova,MDA,2009,62.1
Moldova,MDA,2010,55.7
Moldova,MDA,2011,53.6
Moldova,MDA,2012,56.7
Moldova,MDA,2013,54.7
Moldova,MDA,2014,53.3
Moldova,MDA,2015,56.5
Moldova,MDA,2016,55.3
Moldova,MDA,2017,45.2
Moldova,MDA,2018,46.9
Moldova,MDA,2019,43.8
Mongolia,MNG,2004,31.7
Mongolia,MNG,2005,32.2
Mongolia,MNG,2006,29.7
Mongolia,MNG,2007,31.5
Mongolia,MNG,2008,36.3
Mongolia,MNG,2009,41.3
Mongolia,MNG,2010,33.7
Mongolia,MNG,2011,36
Mongolia,MNG,2012,38.5
Mongolia,MNG,2013,37.8
Mongolia,MNG,2014,38.4
Mongolia,MNG,2015,39.7
Mongolia,MNG,2016,39.3
Mongolia,MNG,2017,38.8
Mongolia,MNG,2018,37.3
Mongolia,MNG,2019,38.4
Montenegro,MNE,2004,46.1
Montenegro,MNE,2005,46.1
Montenegro,MNE,2006,45.6
Montenegro,MNE,2007,45.9
Montenegro,MNE,2008,45.8
Montenegro,MNE,2009,47.5
Montenegro,MNE,2010,46.4
Montenegro,MNE,2011,46.3
Montenegro,MNE,2012,47.2
Montenegro,MNE,2013,46.3
Montenegro,MNE,2014,46.6
Montenegro,MNE,2015,46.4
Montenegro,MNE,2016,46.5
Montenegro,MNE,2017,46.3
Montenegro,MNE,2018,46.3
Montenegro,MNE,2019,46.4
Morocco,MAR,2004,49.6
Morocco,MAR,2005,51.1
Morocco,MAR,2006,46.5
Morocco,MAR,2007,44.8
Morocco,MAR,2008,44.8
Morocco,MAR,2009,45.8
Morocco,MAR,2010,45.5
Morocco,MAR,2011,47.6
Morocco,MAR,2012,48.9
Morocco,MAR,2013,47.8
Morocco,MAR,2014,48.1
Morocco,MAR,2015,45.9
Morocco,MAR,2016,45.8
Morocco,MAR,2017,44.4
Morocco,MAR,2018,43.9
Morocco,MAR,2019,43.8
Mozambique,MOZ,2004,63.7
Mozambique,MOZ,2005,60.7
Mozambique,MOZ,2006,59.6
Mozambique,MOZ,2007,59.9
Mozambique,MOZ,2008,59.8
Mozambique,MOZ,2009,59.8
Mozambique,MOZ,2010,59.4
Mozambique,MOZ,2011,58.8
Mozambique,MOZ,2012,58.6
Mozambique,MOZ,2013,58.4
Mozambique,MOZ,2014,57.9
Mozambique,MOZ,2015,57.7
Mozambique,MOZ,2016,58.2
Mozambique,MOZ,2017,57.9
Mozambique,MOZ,2018,57.8
Mozambique,MOZ,2019,58.3
Myanmar,MMR,2004,45
Myanmar,MMR,2005,44.8
Myanmar,MMR,2006,44.8
Myanmar,MMR,2007,44.8
Myanmar,MMR,2008,45
Myanmar,MMR,2009,44.8
Myanmar,MMR,2010,44.9
Myanmar,MMR,2011,45.4
Myanmar,MMR,2012,45.1
Myanmar,MMR,2013,44.8
Myanmar,MMR,2014,44.9
Myanmar,MMR,2015,44.9
Myanmar,MMR,2016,45.1
Myanmar,MMR,2017,44.9
Myanmar,MMR,2018,44.6
Myanmar,MMR,2019,46.4
Namibia,NAM,2004,53.5
Namibia,NAM,2005,51.6
Namibia,NAM,2006,48.3
Namibia,NAM,2007,48
Namibia,NAM,2008,48.8
Namibia,NAM,2009,50.5
Namibia,NAM,2010,50.9
Namibia,NAM,2011,51.6
Namibia,NAM,2012,51.5
Namibia,NAM,2013,51
Namibia,NAM,2014,48.9
Namibia,NAM,2015,48.9
Namibia,NAM,2016,50.6
Namibia,NAM,2017,50.8
Namibia,NAM,2018,51.9
Namibia,NAM,2019,52.5
Nepal,NPL,2004,41.8
Nepal,NPL,2005,42.1
Nepal,NPL,2006,42
Nepal,NPL,2007,42
Nepal,NPL,2008,41.3
Nepal,NPL,2009,41.8
Nepal,NPL,2010,41.8
Nepal,NPL,2011,42.2
Nepal,NPL,2012,42
Nepal,NPL,2013,42.3
Nepal,NPL,2014,41.8
Nepal,NPL,2015,42.4
Nepal,NPL,2016,43.3
Nepal,NPL,2017,41.3
Nepal,NPL,2018,41.6
Nepal,NPL,2019,41.8
Netherlands,NLD,2004,61.9
Netherlands,NLD,2005,62.1
Netherlands,NLD,2006,60.6
Netherlands,NLD,2007,63.3
Netherlands,NLD,2008,63
Netherlands,NLD,2009,66.8
Netherlands,NLD,2010,65.4
Netherlands,NLD,2011,65.4
Netherlands,NLD,2012,64.8
Netherlands,NLD,2013,65.2
Netherlands,NLD,2014,65.5
Netherlands,NLD,2015,63.1
Netherlands,NLD,2016,63.6
Netherlands,NLD,2017,62.2
Netherlands,NLD,2018,61.4
Netherlands,NLD,2019,61.5
New Caledonia,NCL,2004,53.6
New Caledonia,NCL,2005,53.7
New Caledonia,NCL,2006,53.1
New Caledonia,NCL,2007,53.5
New Caledonia,NCL,2008,54.5
New Caledonia,NCL,2009,54
New Caledonia,NCL,2010,52.8
New Caledonia,NCL,2011,53.5
New Caledonia,NCL,2012,54.2
New Caledonia,NCL,2013,54.2
New Caledonia,NCL,2014,54.2
New Caledonia,NCL,2015,54.5
New Caledonia,NCL,2016,54.1
New Caledonia,NCL,2017,54.3
New Caledonia,NCL,2018,54.3
New Caledonia,NCL,2019,54.3
New Zealand,NZL,2004,51.2
New Zealand,NZL,2005,52.1
New Zealand,NZL,2006,51.7
New Zealand,NZL,2007,51.4
New Zealand,NZL,2008,53.4
New Zealand,NZL,2009,52
New Zealand,NZL,2010,51.2
New Zealand,NZL,2011,50.9
New Zealand,NZL,2012,51.6
New Zealand,NZL,2013,49.4
New Zealand,NZL,2014,49.6
New Zealand,NZL,2015,49.5
New Zealand,NZL,2016,51.4
New Zealand,NZL,2017,51.4
New Zealand,NZL,2018,51.6
New Zealand,NZL,2019,52.1
Nicaragua,NIC,2004,52.9
Nicaragua,NIC,2005,52.6
Nicaragua,NIC,2006,52.3
Nicaragua,NIC,2007,52.9
Nicaragua,NIC,2008,53.1
Nicaragua,NIC,2009,53.7
Nicaragua,NIC,2010,53.3
Nicaragua,NIC,2011,53.4
Nicaragua,NIC,2012,52.7
Nicaragua,NIC,2013,53
Nicaragua,NIC,2014,52.3
Nicaragua,NIC,2015,50.7
Nicaragua,NIC,2016,49.6
Nicaragua,NIC,2017,48.7
Nicaragua,NIC,2018,49
Nicaragua,NIC,2019,49
Niger,NER,2004,32
Niger,NER,2005,32.6
Niger,NER,2006,34.1
Niger,NER,2007,33.3
Niger,NER,2008,30.6
Niger,NER,2009,32.7
Niger,NER,2010,29.1
Niger,NER,2011,30.7
Niger,NER,2012,31.4
Niger,NER,2013,33.8
Niger,NER,2014,34.8
Niger,NER,2015,35.3
Niger,NER,2016,34.5
Niger,NER,2017,33.5
Niger,NER,2018,33.9
Niger,NER,2019,33.7
Nigeria,NGA,2004,62.8
Nigeria,NGA,2005,63.2
Nigeria,NGA,2006,63.1
Nigeria,NGA,2007,62.8
Nigeria,NGA,2008,62.6
Nigeria,NGA,2009,62.2
Nigeria,NGA,2010,62
Nigeria,NGA,2011,62.8
Nigeria,NGA,2012,65
Nigeria,NGA,2013,66
Nigeria,NGA,2014,65.8
Nigeria,NGA,2015,66.2
Nigeria,NGA,2016,66.9
Nigeria,NGA,2017,66.2
Nigeria,NGA,2018,65.8
Nigeria,NGA,2019,65.6
North Korea,PRK,2004,39.1
North Korea,PRK,2005,38.8
North Korea,PRK,2006,39.8
North Korea,PRK,2007,39.8
North Korea,PRK,2008,38.9
North Korea,PRK,2009,39.8
North Korea,PRK,2010,39.7
North Korea,PRK,2011,39.4
North Korea,PRK,2012,39.3
North Korea,PRK,2013,39.3
North Korea,PRK,2014,39.3
North Korea,PRK,2015,39.8
North Korea,PRK,2016,38.7
North Korea,PRK,2017,40.3
North Korea,PRK,2018,40.4
North Korea,PRK,2019,39.5
North Macedonia,MKD,2004,49.4
North Macedonia,MKD,2005,45.6
North Macedonia,MKD,2006,47.3
North Macedonia,MKD,2007,42.1
North Macedonia,MKD,2008,44.4
North Macedonia,MKD,2009,47.6
North Macedonia,MKD,2010,47.8
North Macedonia,MKD,2011,46.8
North Macedonia,MKD,2012,46
North Macedonia,MKD,2013,42.4
North Macedonia,MKD,2014,43.5
North Macedonia,MKD,2015,43.3
North Macedonia,MKD,2016,43.7
North Macedonia,MKD,2017,45
North Macedonia,MKD,2018,44.5
North Macedonia,MKD,2019,44.1
Northern Africa (UN),,2004,42.7
Northern Africa (UN),,2005,41.8
Northern Africa (UN),,2006,41.2
Northern Africa (UN),,2007,40.9
Northern Africa (UN),,2008,40
Northern Africa (UN),,2009,40.1
Northern Africa (UN),,2010,40.1
Northern Africa (UN),,2011,41.5
Northern Africa (UN),,2012,40.8
Northern Africa (UN),,2013,42.8
Northern Africa (UN),,2014,43.7
Northern Africa (UN),,2015,43.2
Northern Africa (UN),,2016,42.8
Northern Africa (UN),,2017,42.9
Northern Africa (UN),,2018,42.8
Northern Africa (UN),,2019,43
Northern America (UN),,2004,61.7
Northern America (UN),,2005,60.8
Northern America (UN),,2006,60.6
Northern America (UN),,2007,60.8
Northern America (UN),,2008,60.8
Northern America (UN),,2009,60
Northern America (UN),,2010,59
Northern America (UN),,2011,58.8
Northern America (UN),,2012,58.7
Northern America (UN),,2013,58.3
Northern America (UN),,2014,58.3
Northern America (UN),,2015,58.9
Northern America (UN),,2016,58.7
Northern America (UN),,2017,58.5
Northern America (UN),,2018,58.4
Northern America (UN),,2019,58.4
Norway,NOR,2004,46.5
Norway,NOR,2005,44.6
Norway,NOR,2006,43.9
Norway,NOR,2007,46.4
Norway,NOR,2008,46.2
Norway,NOR,2009,51.9
Norway,NOR,2010,49.1
Norway,NOR,2011,46.9
Norway,NOR,2012,46.7
Norway,NOR,2013,48.7
Norway,NOR,2014,50.3
Norway,NOR,2015,52
Norway,NOR,2016,53.8
Norway,NOR,2017,51.7
Norway,NOR,2018,50.2
Norway,NOR,2019,52.9
Oceania (UN),,2004,61.3
Oceania (UN),,2005,61
Oceania (UN),,2006,60.4
Oceania (UN),,2007,60
Oceania (UN),,2008,59
Oceania (UN),,2009,59.1
Oceania (UN),,2010,59
Oceania (UN),,2011,59
Oceania (UN),,2012,58.8
Oceania (UN),,2013,58
Oceania (UN),,2014,58.7
Oceania (UN),,2015,59.3
Oceania (UN),,2016,57.3
Oceania (UN),,2017,57.1
Oceania (UN),,2018,56.6
Oceania (UN),,2019,57.6
Oman,OMN,2004,55.9
Oman,OMN,2005,55.7
Oman,OMN,2006,55.2
Oman,OMN,2007,55.3
Oman,OMN,2008,54.7
Oman,OMN,2009,55
Oman,OMN,2010,55.7
Oman,OMN,2011,55.6
Oman,OMN,2012,54.5
Oman,OMN,2013,55.1
Oman,OMN,2014,55.7
Oman,OMN,2015,55.2
Oman,OMN,2016,55.1
Oman,OMN,2017,55.9
Oman,OMN,2018,55.8
Oman,OMN,2019,56.1
Pakistan,PAK,2004,40.2
Pakistan,PAK,2005,40.5
Pakistan,PAK,2006,40.6
Pakistan,PAK,2007,40.8
Pakistan,PAK,2008,41.5
Pakistan,PAK,2009,40.9
Pakistan,PAK,2010,41.4
Pakistan,PAK,2011,40.8
Pakistan,PAK,2012,40.5
Pakistan,PAK,2013,40.5
Pakistan,PAK,2014,40.9
Pakistan,PAK,2015,40.6
Pakistan,PAK,2016,40.6
Pakistan,PAK,2017,40.6
Pakistan,PAK,2018,40.6
Pakistan,PAK,2019,41.5
Palestine,PSE,2004,40.5
Palestine,PSE,2005,41.4
Palestine,PSE,2006,42.4
Palestine,PSE,2007,42
Palestine,PSE,2008,41.5
Palestine,PSE,2009,41.3
Palestine,PSE,2010,41.5
Palestine,PSE,2011,41.2
Palestine,PSE,2012,41.5
Palestine,PSE,2013,41.6
Palestine,PSE,2014,42
Palestine,PSE,2015,41.6
Palestine,PSE,2016,41.2
Palestine,PSE,2017,42.4
Palestine,PSE,2018,42.7
Palestine,PSE,2019,42.6
Panama,PAN,2004,42.6
Panama,PAN,2005,41.3
Panama,PAN,2006,41.5
Panama,PAN,2007,39.7
Panama,PAN,2008,37.6
Panama,PAN,2009,37.3
Panama,PAN,2010,37
Panama,PAN,2011,34.4
Panama,PAN,2012,32.7
Panama,PAN,2013,30.3
Panama,PAN,2014,30
Panama,PAN,2015,30.6
Panama,PAN,2016,31.2
Panama,PAN,2017,31
Panama,PAN,2018,32.8
Panama,PAN,2019,34.1
Papua New Guinea,PNG,2004,38.1
Papua New Guinea,PNG,2005,34.4
Papua New Guinea,PNG,2006,31.5
Papua New Guinea,PNG,2007,31
Papua New Guinea,PNG,2008,32.1
Papua New Guinea,PNG,2009,31
Papua New Guinea,PNG,2010,30.4
Papua New Guinea,PNG,2011,31.5
Papua New Guinea,PNG,2012,31
Papua New Guinea,PNG,2013,31
Papua New Guinea,PNG,2014,29.4
Papua New Guinea,PNG,2015,30.2
Papua New Guinea,PNG,2016,30.2
Papua New Guinea,PNG,2017,30.3
Papua New Guinea,PNG,2018,30.7
Papua New Guinea,PNG,2019,29.6
Paraguay,PRY,2004,44.3
Paraguay,PRY,2005,43.7
Paraguay,PRY,2006,43.1
Paraguay,PRY,2007,42.4
Paraguay,PRY,2008,41.8
Paraguay,PRY,2009,45.3
Paraguay,PRY,2010,43.9
Paraguay,PRY,2011,43
Paraguay,PRY,2012,46.4
Paraguay,PRY,2013,46.2
Paraguay,PRY,2014,46.5
Paraguay,PRY,2015,47.3
Paraguay,PRY,2016,44.9
Paraguay,PRY,2017,45.4
Paraguay,PRY,2018,45.5
Paraguay,PRY,2019,46.1
Peru,PER,2004,45.8
Peru,PER,2005,45.6
Peru,PER,2006,44.6
Peru,PER,2007,44
Peru,PER,2008,45.5
Peru,PER,2009,45.4
Peru,PER,2010,44.1
Peru,PER,2011,42.4
Peru,PER,2012,43.9
Peru,PER,2013,44
Peru,PER,2014,45.8
Peru,PER,2015,46
Peru,PER,2016,44.9
Peru,PER,2017,45.1
Peru,PER,2018,43.8
Peru,PER,2019,46.4
Philippines,PHL,2004,38
Philippines,PHL,2005,38.6
Philippines,PHL,2006,38.3
Philippines,PHL,2007,38
Philippines,PHL,2008,37.9
Philippines,PHL,2009,37
Philippines,PHL,2010,42.9
Philippines,PHL,2011,46.2
Philippines,PHL,2012,45.4
Philippines,PHL,2013,44.6
Philippines,PHL,2014,44.9
Philippines,PHL,2015,44.9
Philippines,PHL,2016,42.6
Philippines,PHL,2017,42.3
Philippines,PHL,2018,42.7
Philippines,PHL,2019,42.5
Poland,POL,2004,48.8
Poland,POL,2005,48.2
Poland,POL,2006,47.6
Poland,POL,2007,47.4
Poland,POL,2008,49.8
Poland,POL,2009,48.1
Poland,POL,2010,48
Poland,POL,2011,46.5
Poland,POL,2012,47.1
Poland,POL,2013,46.8
Poland,POL,2014,47.3
Poland,POL,2015,46.6
Poland,POL,2016,48.9
Poland,POL,2017,47.6
Poland,POL,2018,49.1
Poland,POL,2019,49.3
Portugal,PRT,2004,65.8
Portugal,PRT,2005,65.4
Portugal,PRT,2006,63.1
Portugal,PRT,2007,62.4
Portugal,PRT,2008,62.8
Portugal,PRT,2009,63.8
Portugal,PRT,2010,62.2
Portugal,PRT,2011,59.9
Portugal,PRT,2012,59.6
Portugal,PRT,2013,59.2
Portugal,PRT,2014,56.7
Portugal,PRT,2015,54.5
Portugal,PRT,2016,53.9
Portugal,PRT,2017,55.1
Portugal,PRT,2018,54.7
Portugal,PRT,2019,55
Puerto Rico,PRI,2004,57
Puerto Rico,PRI,2005,58.9
Puerto Rico,PRI,2006,58.8
Puerto Rico,PRI,2007,58.8
Puerto Rico,PRI,2008,58.9
Puerto Rico,PRI,2009,58.9
Puerto Rico,PRI,2010,58.6
Puerto Rico,PRI,2011,58.6
Puerto Rico,PRI,2012,58.6
Puerto Rico,PRI,2013,58.6
Puerto Rico,PRI,2014,58.8
Puerto Rico,PRI,2015,58.8
Puerto Rico,PRI,2016,58.8
Puerto Rico,PRI,2017,59.1
Puerto Rico,PRI,2018,59.3
Puerto Rico,PRI,2019,58.4
Qatar,QAT,2004,20
Qatar,QAT,2005,17.2
Qatar,QAT,2006,18.3
Qatar,QAT,2007,17.9
Qatar,QAT,2008,15.5
Qatar,QAT,2009,22.5
Qatar,QAT,2010,19.2
Qatar,QAT,2011,14.9
Qatar,QAT,2012,16
Qatar,QAT,2013,17.6
Qatar,QAT,2014,18.5
Qatar,QAT,2015,27.2
Qatar,QAT,2016,30
Qatar,QAT,2017,28.4
Qatar,QAT,2018,25.7
Qatar,QAT,2019,25.7
Romania,ROU,2004,45.2
Romania,ROU,2005,48.3
Romania,ROU,2006,46.8
Romania,ROU,2007,40.9
Romania,ROU,2008,42.9
Romania,ROU,2009,40.9
Romania,ROU,2010,44
Romania,ROU,2011,40.1
Romania,ROU,2012,40.3
Romania,ROU,2013,39.6
Romania,ROU,2014,39.9
Romania,ROU,2015,40.3
Romania,ROU,2016,44.1
Romania,ROU,2017,43.6
Romania,ROU,2018,44.2
Romania,ROU,2019,43.9
Russia,RUS,2004,50.6
Russia,RUS,2005,48.3
Russia,RUS,2006,49.1
Russia,RUS,2007,50.4
Russia,RUS,2008,52.1
Russia,RUS,2009,57.9
Russia,RUS,2010,53.6
Russia,RUS,2011,47.5
Russia,RUS,2012,47.9
Russia,RUS,2013,50.2
Russia,RUS,2014,51.3
Russia,RUS,2015,50.9
Russia,RUS,2016,52.2
Russia,RUS,2017,52
Russia,RUS,2018,51.9
Russia,RUS,2019,52.1
Rwanda,RWA,2004,42.1
Rwanda,RWA,2005,41.3
Rwanda,RWA,2006,41.2
Rwanda,RWA,2007,41.4
Rwanda,RWA,2008,40.3
Rwanda,RWA,2009,41.5
Rwanda,RWA,2010,41.1
Rwanda,RWA,2011,40.9
Rwanda,RWA,2012,40.6
Rwanda,RWA,2013,41.6
Rwanda,RWA,2014,41.2
Rwanda,RWA,2015,40.5
Rwanda,RWA,2016,41.2
Rwanda,RWA,2017,41.6
Rwanda,RWA,2018,40.4
Rwanda,RWA,2019,40.1
Saint Lucia,LCA,2004,48.6
Saint Lucia,LCA,2005,49.8
Saint Lucia,LCA,2006,48.7
Saint Lucia,LCA,2007,49.4
Saint Lucia,LCA,2008,48.9
Saint Lucia,LCA,2009,50.1
Saint Lucia,LCA,2010,49.4
Saint Lucia,LCA,2011,48.8
Saint Lucia,LCA,2012,49.7
Saint Lucia,LCA,2013,50.1
Saint Lucia,LCA,2014,49.4
Saint Lucia,LCA,2015,49.8
Saint Lucia,LCA,2016,49
Saint Lucia,LCA,2017,49.1
Saint Lucia,LCA,2018,49.2
Saint Lucia,LCA,2019,49.4
Saint Vincent and the Grenadines,VCT,2004,48.5
Saint Vincent and the Grenadines,VCT,2005,48.9
Saint Vincent and the Grenadines,VCT,2006,47.9
Saint Vincent and the Grenadines,VCT,2007,48.7
Saint Vincent and the Grenadines,VCT,2008,49.1
Saint Vincent and the Grenadines,VCT,2009,49.8
Saint Vincent and the Grenadines,VCT,2010,50.1
Saint Vincent and the Grenadines,VCT,2011,49.5
Saint Vincent and the Grenadines,VCT,2012,49.2
Saint Vincent and the Grenadines,VCT,2013,49.1
Saint Vincent and the Grenadines,VCT,2014,49.2
Saint Vincent and the Grenadines,VCT,2015,49.2
Saint Vincent and the Grenadines,VCT,2016,49.1
Saint Vincent and the Grenadines,VCT,2017,49.3
Saint Vincent and the Grenadines,VCT,2018,49
Saint Vincent and the Grenadines,VCT,2019,49.4
Samoa,WSM,2004,40.2
Samoa,WSM,2005,40.3
Samoa,WSM,2006,40.5
Samoa,WSM,2007,39.9
Samoa,WSM,2008,40.6
Samoa,WSM,2009,41.4
Samoa,WSM,2010,40.7
Samoa,WSM,2011,40.2
Samoa,WSM,2012,41.3
Samoa,WSM,2013,40.8
Samoa,WSM,2014,40.7
Samoa,WSM,2015,40.2
Samoa,WSM,2016,39.6
Samoa,WSM,2017,40.5
Samoa,WSM,2018,40.9
Samoa,WSM,2019,40.2
Sao Tome and Principe,STP,2004,42.4
Sao Tome and Principe,STP,2005,41.6
Sao Tome and Principe,STP,2006,41.1
Sao Tome and Principe,STP,2007,42.4
Sao Tome and Principe,STP,2008,41.3
Sao Tome and Principe,STP,2009,42.6
Sao Tome and Principe,STP,2010,41.6
Sao Tome and Principe,STP,2011,42.1
Sao Tome and Principe,STP,2012,42.4
Sao Tome and Principe,STP,2013,42
Sao Tome and Principe,STP,2014,41.6
Sao Tome and Principe,STP,2015,42.1
Sao Tome and Principe,STP,2016,42.1
Sao Tome and Principe,STP,2017,42.1
Sao Tome and Principe,STP,2018,42.3
Sao Tome and Principe,STP,2019,42.4
Saudi Arabia,SAU,2004,30.9
Saudi Arabia,SAU,2005,27.1
Saudi Arabia,SAU,2006,26
Saudi Arabia,SAU,2007,24.8
Saudi Arabia,SAU,2008,20.5
Saudi Arabia,SAU,2009,27.3
Saudi Arabia,SAU,2010,24.8
Saudi Arabia,SAU,2011,21.1
Saudi Arabia,SAU,2012,20.8
Saudi Arabia,SAU,2013,20.8
Saudi Arabia,SAU,2014,21.9
Saudi Arabia,SAU,2015,29.3
Saudi Arabia,SAU,2016,30.4
Saudi Arabia,SAU,2017,30.9
Saudi Arabia,SAU,2018,30.4
Saudi Arabia,SAU,2019,30.8
Senegal,SEN,2004,40.4
Senegal,SEN,2005,42.8
Senegal,SEN,2006,41.7
Senegal,SEN,2007,42.3
Senegal,SEN,2008,41.2
Senegal,SEN,2009,41.9
Senegal,SEN,2010,39.4
Senegal,SEN,2011,40.8
Senegal,SEN,2012,40.6
Senegal,SEN,2013,40.3
Senegal,SEN,2014,39.5
Senegal,SEN,2015,38
Senegal,SEN,2016,37.8
Senegal,SEN,2017,40
Senegal,SEN,2018,41.5
Senegal,SEN,2019,40.3
Serbia,SRB,2004,64
Serbia,SRB,2005,61.5
Serbia,SRB,2006,59.7
Serbia,SRB,2007,59.3
Serbia,SRB,2008,57.9
Serbia,SRB,2009,55.7
Serbia,SRB,2010,54.1
Serbia,SRB,2011,52
Serbia,SRB,2012,51.8
Serbia,SRB,2013,50.8
Serbia,SRB,2014,50.7
Serbia,SRB,2015,50.4
Serbia,SRB,2016,49
Serbia,SRB,2017,48.9
Serbia,SRB,2018,48.1
Serbia,SRB,2019,49.3
Sierra Leone,SLE,2004,42
Sierra Leone,SLE,2005,42.1
Sierra Leone,SLE,2006,42.2
Sierra Leone,SLE,2007,42
Sierra Leone,SLE,2008,42.1
Sierra Leone,SLE,2009,42.3
Sierra Leone,SLE,2010,42.2
Sierra Leone,SLE,2011,42.1
Sierra Leone,SLE,2012,41.4
Sierra Leone,SLE,2013,40.9
Sierra Leone,SLE,2014,41.9
Sierra Leone,SLE,2015,43.6
Sierra Leone,SLE,2016,42
Sierra Leone,SLE,2017,42.2
Sierra Leone,SLE,2018,42.2
Sierra Leone,SLE,2019,42.1
Singapore,SGP,2004,45.6
Singapore,SGP,2005,45.9
Singapore,SGP,2006,45.7
Singapore,SGP,2007,45.8
Singapore,SGP,2008,48.5
Singapore,SGP,2009,48.9
Singapore,SGP,2010,46.1
Singapore,SGP,2011,46.3
Singapore,SGP,2012,47.6
Singapore,SGP,2013,48.7
Singapore,SGP,2014,50
Singapore,SGP,2015,50.1
Singapore,SGP,2016,50.3
Singapore,SGP,2017,49.3
Singapore,SGP,2018,49.3
Singapore,SGP,2019,49.6
Slovakia,SVK,2004,44.7
Slovakia,SVK,2005,45.3
Slovakia,SVK,2006,44.3
Slovakia,SVK,2007,43.6
Slovakia,SVK,2008,45.5
Slovakia,SVK,2009,47.9
Slovakia,SVK,2010,46.1
Slovakia,SVK,2011,46.7
Slovakia,SVK,2012,45.1
Slovakia,SVK,2013,48.1
Slovakia,SVK,2014,48.4
Slovakia,SVK,2015,48.5
Slovakia,SVK,2016,50
Slovakia,SVK,2017,51.1
Slovakia,SVK,2018,51.9
Slovakia,SVK,2019,53.4
Slovenia,SVN,2004,57.4
Slovenia,SVN,2005,57.4
Slovenia,SVN,2006,57.6
Slovenia,SVN,2007,56.4
Slovenia,SVN,2008,56.2
Slovenia,SVN,2009,60
Slovenia,SVN,2010,61.2
Slovenia,SVN,2011,58.8
Slovenia,SVN,2012,59.4
Slovenia,SVN,2013,60.3
Slovenia,SVN,2014,59.3
Slovenia,SVN,2015,58.5
Slovenia,SVN,2016,59
Slovenia,SVN,2017,57.3
Slovenia,SVN,2018,57.4
Slovenia,SVN,2019,58
Small Island Developing States (SIDS),,2004,49
Small Island Developing States (SIDS),,2005,49.2
Small Island Developing States (SIDS),,2006,48.5
Small Island Developing States (SIDS),,2007,48.2
Small Island Developing States (SIDS),,2008,49.7
Small Island Developing States (SIDS),,2009,50.3
Small Island Developing States (SIDS),,2010,48.9
Small Island Developing States (SIDS),,2011,48.9
Small Island Developing States (SIDS),,2012,48.9
Small Island Developing States (SIDS),,2013,49.4
Small Island Developing States (SIDS),,2014,49.8
Small Island Developing States (SIDS),,2015,49.4
Small Island Developing States (SIDS),,2016,49.3
Small Island Developing States (SIDS),,2017,48.8
Small Island Developing States (SIDS),,2018,48.7
Small Island Developing States (SIDS),,2019,48.9
Solomon Islands,SLB,2004,39.8
Solomon Islands,SLB,2005,40
Solomon Islands,SLB,2006,40.1
Solomon Islands,SLB,2007,40.2
Solomon Islands,SLB,2008,39.9
Solomon Islands,SLB,2009,40.5
Solomon Islands,SLB,2010,39.2
Solomon Islands,SLB,2011,39.5
Solomon Islands,SLB,2012,40.6
Solomon Islands,SLB,2013,39.8
Solomon Islands,SLB,2014,40.7
Solomon Islands,SLB,2015,40.6
Solomon Islands,SLB,2016,39.6
Solomon Islands,SLB,2017,39.6
Solomon Islands,SLB,2018,39.9
Solomon Islands,SLB,2019,40.4
Somalia,SOM,2004,41.3
Somalia,SOM,2005,41.2
Somalia,SOM,2006,41.7
Somalia,SOM,2007,41.7
Somalia,SOM,2008,41.7
Somalia,SOM,2009,41.6
Somalia,SOM,2010,41.5
Somalia,SOM,2011,41.5
Somalia,SOM,2012,42.6
Somalia,SOM,2013,42.1
Somalia,SOM,2014,41.6
Somalia,SOM,2015,40.7
Somalia,SOM,2016,41.2
Somalia,SOM,2017,42.4
Somalia,SOM,2018,41.3
Somalia,SOM,2019,41.2
South Africa,ZAF,2004,52.6
South Africa,ZAF,2005,52.4
South Africa,ZAF,2006,52.4
South Africa,ZAF,2007,51
South Africa,ZAF,2008,50.1
South Africa,ZAF,2009,51.1
South Africa,ZAF,2010,52.2
South Africa,ZAF,2011,52.2
South Africa,ZAF,2012,52.6
South Africa,ZAF,2013,53
South Africa,ZAF,2014,53.3
South Africa,ZAF,2015,54.2
South Africa,ZAF,2016,55
South Africa,ZAF,2017,55.5
South Africa,ZAF,2018,55.1
South Africa,ZAF,2019,55.6
South Korea,KOR,2004,58.6
South Korea,KOR,2005,59.4
South Korea,KOR,2006,59.7
South Korea,KOR,2007,58.7
South Korea,KOR,2008,58.3
South Korea,KOR,2009,57.6
South Korea,KOR,2010,55.4
South Korea,KOR,2011,56.1
South Korea,KOR,2012,56.8
South Korea,KOR,2013,57.1
South Korea,KOR,2014,57.7
South Korea,KOR,2015,57.7
South Korea,KOR,2016,57.4
South Korea,KOR,2017,57.1
South Korea,KOR,2018,58.2
South Korea,KOR,2019,58.5
South Sudan,SSD,2004,42.4
South Sudan,SSD,2005,42.2
South Sudan,SSD,2006,42
South Sudan,SSD,2007,41.8
South Sudan,SSD,2008,42
South Sudan,SSD,2009,42.3
South Sudan,SSD,2010,42.3
South Sudan,SSD,2011,42.5
South Sudan,SSD,2012,42.5
South Sudan,SSD,2013,41.5
South Sudan,SSD,2014,42
South Sudan,SSD,2015,42.9
South Sudan,SSD,2016,43.2
South Sudan,SSD,2017,42.7
South Sudan,SSD,2018,42.5
South Sudan,SSD,2019,42.3
Spain,ESP,2004,62.4
Spain,ESP,2005,61.9
Spain,ESP,2006,61.9
Spain,ESP,2007,62.3
Spain,ESP,2008,64.8
Spain,ESP,2009,64.8
Spain,ESP,2010,64
Spain,ESP,2011,62.6
Spain,ESP,2012,61.5
Spain,ESP,2013,59
Spain,ESP,2014,58.3
Spain,ESP,2015,59.3
Spain,ESP,2016,58.2
Spain,ESP,2017,56.8
Spain,ESP,2018,56.8
Spain,ESP,2019,57.3
Sri Lanka,LKA,2004,33
Sri Lanka,LKA,2005,33.1
Sri Lanka,LKA,2006,34.2
Sri Lanka,LKA,2007,34.2
Sri Lanka,LKA,2008,34.7
Sri Lanka,LKA,2009,34.6
Sri Lanka,LKA,2010,35.2
Sri Lanka,LKA,2011,35.3
Sri Lanka,LKA,2012,34.9
Sri Lanka,LKA,2013,36
Sri Lanka,LKA,2014,36
Sri Lanka,LKA,2015,39.4
Sri Lanka,LKA,2016,38.7
Sri Lanka,LKA,2017,36.4
Sri Lanka,LKA,2018,39.8
Sri Lanka,LKA,2019,38.9
Sub-Saharan Africa (UN),,2004,50.3
Sub-Saharan Africa (UN),,2005,49.7
Sub-Saharan Africa (UN),,2006,49.6
Sub-Saharan Africa (UN),,2007,49.2
Sub-Saharan Africa (UN),,2008,48.7
Sub-Saharan Africa (UN),,2009,50.4
Sub-Saharan Africa (UN),,2010,49.8
Sub-Saharan Africa (UN),,2011,49.8
Sub-Saharan Africa (UN),,2012,50.4
Sub-Saharan Africa (UN),,2013,50.5
Sub-Saharan Africa (UN),,2014,50.4
Sub-Saharan Africa (UN),,2015,51.2
Sub-Saharan Africa (UN),,2016,51
Sub-Saharan Africa (UN),,2017,50.8
Sub-Saharan Africa (UN),,2018,50.8
Sub-Saharan Africa (UN),,2019,50.7
Sudan,SDN,2004,39.4
Sudan,SDN,2005,40.3
Sudan,SDN,2006,39.2
Sudan,SDN,2007,38.9
Sudan,SDN,2008,39.4
Sudan,SDN,2009,40.1
Sudan,SDN,2010,40
Sudan,SDN,2011,40.5
Sudan,SDN,2012,40.2
Sudan,SDN,2013,39.2
Sudan,SDN,2014,39
Sudan,SDN,2015,39.4
Sudan,SDN,2016,39.4
Sudan,SDN,2017,39.1
Sudan,SDN,2018,39.3
Sudan,SDN,2019,39.9
Suriname,SUR,2004,48.3
Suriname,SUR,2005,48.9
Suriname,SUR,2006,48.8
Suriname,SUR,2007,48.9
Suriname,SUR,2008,49.1
Suriname,SUR,2009,49.2
Suriname,SUR,2010,49
Suriname,SUR,2011,48.9
Suriname,SUR,2012,49.3
Suriname,SUR,2013,49.3
Suriname,SUR,2014,49.7
Suriname,SUR,2015,50.2
Suriname,SUR,2016,50.4
Suriname,SUR,2017,49.5
Suriname,SUR,2018,49
Suriname,SUR,2019,49.6
Sweden,SWE,2004,55.9
Sweden,SWE,2005,56.3
Sweden,SWE,2006,55.4
Sweden,SWE,2007,55.7
Sweden,SWE,2008,56.3
Sweden,SWE,2009,54.6
Sweden,SWE,2010,53.7
Sweden,SWE,2011,53.5
Sweden,SWE,2012,57.3
Sweden,SWE,2013,58
Sweden,SWE,2014,56.8
Sweden,SWE,2015,55.3
Sweden,SWE,2016,55.2
Sweden,SWE,2017,54.5
Sweden,SWE,2018,54.7
Sweden,SWE,2019,54.7
Switzerland,CHE,2004,69.2
Switzerland,CHE,2005,68.5
Switzerland,CHE,2006,66.7
Switzerland,CHE,2007,66.1
Switzerland,CHE,2008,66.5
Switzerland,CHE,2009,68.3
Switzerland,CHE,2010,66.3
Switzerland,CHE,2011,66.6
Switzerland,CHE,2012,67.9
Switzerland,CHE,2013,68.7
Switzerland,CHE,2014,68.6
Switzerland,CHE,2015,68.6
Switzerland,CHE,2016,68.4
Switzerland,CHE,2017,68.9
Switzerland,CHE,2018,67.8
Switzerland,CHE,2019,68.8
Syria,SYR,2004,39.4
Syria,SYR,2005,39.3
Syria,SYR,2006,39.4
Syria,SYR,2007,39.4
Syria,SYR,2008,39.2
Syria,SYR,2009,39.1
Syria,SYR,2010,39.1
Syria,SYR,2011,39.7
Syria,SYR,2012,40.3
Syria,SYR,2013,40.5
Syria,SYR,2014,39.8
Syria,SYR,2015,39.5
Syria,SYR,2016,39.4
Syria,SYR,2017,39.3
Syria,SYR,2018,39
Syria,SYR,2019,38.9
Tajikistan,TJK,2004,18.6
Tajikistan,TJK,2005,19.2
Tajikistan,TJK,2006,18.3
Tajikistan,TJK,2007,18.3
Tajikistan,TJK,2008,16.4
Tajikistan,TJK,2009,18.8
Tajikistan,TJK,2010,19.2
Tajikistan,TJK,2011,18.6
Tajikistan,TJK,2012,19.2
Tajikistan,TJK,2013,20.9
Tajikistan,TJK,2014,22
Tajikistan,TJK,2015,22.4
Tajikistan,TJK,2016,21.8
Tajikistan,TJK,2017,21.6
Tajikistan,TJK,2018,21.2
Tajikistan,TJK,2019,21.2
Tanzania,TZA,2004,40.5
Tanzania,TZA,2005,34.8
Tanzania,TZA,2006,34.6
Tanzania,TZA,2007,30.5
Tanzania,TZA,2008,28
Tanzania,TZA,2009,27.2
Tanzania,TZA,2010,26.6
Tanzania,TZA,2011,29.1
Tanzania,TZA,2012,31.6
Tanzania,TZA,2013,33.8
Tanzania,TZA,2014,36.9
Tanzania,TZA,2015,44.2
Tanzania,TZA,2016,47.1
Tanzania,TZA,2017,50.9
Tanzania,TZA,2018,54.3
Tanzania,TZA,2019,54
Thailand,THA,2004,48.3
Thailand,THA,2005,48.8
Thailand,THA,2006,47.6
Thailand,THA,2007,47.8
Thailand,THA,2008,47.9
Thailand,THA,2009,49
Thailand,THA,2010,46.7
Thailand,THA,2011,48.1
Thailand,THA,2012,49.3
Thailand,THA,2013,48.4
Thailand,THA,2014,49.2
Thailand,THA,2015,49.2
Thailand,THA,2016,47.5
Thailand,THA,2017,46.8
Thailand,THA,2018,47.7
Thailand,THA,2019,45.7
Timor,TLS,2004,42.1
Timor,TLS,2005,41.9
Timor,TLS,2006,42.5
Timor,TLS,2007,41.3
Timor,TLS,2008,41.2
Timor,TLS,2009,41.2
Timor,TLS,2010,41.1
Timor,TLS,2011,41.4
Timor,TLS,2012,41.3
Timor,TLS,2013,41.6
Timor,TLS,2014,41.4
Timor,TLS,2015,41.5
Timor,TLS,2016,41.4
Timor,TLS,2017,42.1
Timor,TLS,2018,41.8
Timor,TLS,2019,40.1
Togo,TGO,2004,48.6
Togo,TGO,2005,49.6
Togo,TGO,2006,48.2
Togo,TGO,2007,48.3
Togo,TGO,2008,47
Togo,TGO,2009,46.1
Togo,TGO,2010,45.5
Togo,TGO,2011,44.7
Togo,TGO,2012,44
Togo,TGO,2013,43.3
Togo,TGO,2014,42.8
Togo,TGO,2015,42.3
Togo,TGO,2016,41.6
Togo,TGO,2017,39.8
Togo,TGO,2018,39.5
Togo,TGO,2019,39.3
Tonga,TON,2004,47
Tonga,TON,2005,46.6
Tonga,TON,2006,46.6
Tonga,TON,2007,46.6
Tonga,TON,2008,45.8
Tonga,TON,2009,47.4
Tonga,TON,2010,46.5
Tonga,TON,2011,45.5
Tonga,TON,2012,46.4
Tonga,TON,2013,46.5
Tonga,TON,2014,46.2
Tonga,TON,2015,46.3
Tonga,TON,2016,45.4
Tonga,TON,2017,45.9
Tonga,TON,2018,46.3
Tonga,TON,2019,46.2
Trinidad and Tobago,TTO,2004,59.1
Trinidad and Tobago,TTO,2005,59.2
Trinidad and Tobago,TTO,2006,58.5
Trinidad and Tobago,TTO,2007,59.4
Trinidad and Tobago,TTO,2008,59.5
Trinidad and Tobago,TTO,2009,60.3
Trinidad and Tobago,TTO,2010,59.6
Trinidad and Tobago,TTO,2011,61.4
Trinidad and Tobago,TTO,2012,60.3
Trinidad and Tobago,TTO,2013,61.4
Trinidad and Tobago,TTO,2014,62.2
Trinidad and Tobago,TTO,2015,60.6
Trinidad and Tobago,TTO,2016,62.2
Trinidad and Tobago,TTO,2017,62
Trinidad and Tobago,TTO,2018,61.7
Trinidad and Tobago,TTO,2019,61.8
Tunisia,TUN,2004,45.5
Tunisia,TUN,2005,45.5
Tunisia,TUN,2006,45.6
Tunisia,TUN,2007,45.8
Tunisia,TUN,2008,46.1
Tunisia,TUN,2009,46.1
Tunisia,TUN,2010,47.6
Tunisia,TUN,2011,49.1
Tunisia,TUN,2012,47.5
Tunisia,TUN,2013,47.8
Tunisia,TUN,2014,47.6
Tunisia,TUN,2015,48
Tunisia,TUN,2016,48
Tunisia,TUN,2017,47.6
Tunisia,TUN,2018,47.4
Tunisia,TUN,2019,47.7
Turkey,TUR,2004,34.2
Turkey,TUR,2005,34
Turkey,TUR,2006,33.9
Turkey,TUR,2007,33.9
Turkey,TUR,2008,34.4
Turkey,TUR,2009,35.2
Turkey,TUR,2010,35.3
Turkey,TUR,2011,34.7
Turkey,TUR,2012,35.6
Turkey,TUR,2013,35.1
Turkey,TUR,2014,36.4
Turkey,TUR,2015,36.6
Turkey,TUR,2016,40.4
Turkey,TUR,2017,38.4
Turkey,TUR,2018,39.1
Turkey,TUR,2019,39.2
Turkmenistan,TKM,2004,46.8
Turkmenistan,TKM,2005,45.7
Turkmenistan,TKM,2006,46
Turkmenistan,TKM,2007,46
Turkmenistan,TKM,2008,45.5
Turkmenistan,TKM,2009,46.8
Turkmenistan,TKM,2010,46.4
Turkmenistan,TKM,2011,45.6
Turkmenistan,TKM,2012,46.2
Turkmenistan,TKM,2013,46.3
Turkmenistan,TKM,2014,46.3
Turkmenistan,TKM,2015,46.9
Turkmenistan,TKM,2016,47
Turkmenistan,TKM,2017,46.9
Turkmenistan,TKM,2018,47
Turkmenistan,TKM,2019,47
Uganda,UGA,2004,41.9
Uganda,UGA,2005,42
Uganda,UGA,2006,40.8
Uganda,UGA,2007,41.3
Uganda,UGA,2008,41.1
Uganda,UGA,2009,41.5
Uganda,UGA,2010,41.7
Uganda,UGA,2011,40.7
Uganda,UGA,2012,41.9
Uganda,UGA,2013,42
Uganda,UGA,2014,41.6
Uganda,UGA,2015,41.6
Uganda,UGA,2016,41.6
Uganda,UGA,2017,41.9
Uganda,UGA,2018,41.3
Uganda,UGA,2019,41.1
Ukraine,UKR,2004,53.6
Ukraine,UKR,2005,58.8
Ukraine,UKR,2006,59.8
Ukraine,UKR,2007,59.2
Ukraine,UKR,2008,59.6
Ukraine,UKR,2009,59.7
Ukraine,UKR,2010,60.6
Ukraine,UKR,2011,59.6
Ukraine,UKR,2012,61.2
Ukraine,UKR,2013,61
Ukraine,UKR,2014,54.6
Ukraine,UKR,2015,46.1
Ukraine,UKR,2016,43
Ukraine,UKR,2017,46
Ukraine,UKR,2018,48.5
Ukraine,UKR,2019,50.9
United Arab Emirates,ARE,2004,24.2
United Arab Emirates,ARE,2005,24.7
United Arab Emirates,ARE,2006,24.2
United Arab Emirates,ARE,2007,24.9
United Arab Emirates,ARE,2008,24.9
United Arab Emirates,ARE,2009,25.8
United Arab Emirates,ARE,2010,28.2
United Arab Emirates,ARE,2011,25.2
United Arab Emirates,ARE,2012,25.7
United Arab Emirates,ARE,2013,28
United Arab Emirates,ARE,2014,28.9
United Arab Emirates,ARE,2015,34.4
United Arab Emirates,ARE,2016,36.3
United Arab Emirates,ARE,2017,36.5
United Arab Emirates,ARE,2018,36.7
United Arab Emirates,ARE,2019,36.7
United Kingdom,GBR,2004,59.2
United Kingdom,GBR,2005,58.9
United Kingdom,GBR,2006,59.4
United Kingdom,GBR,2007,60.1
United Kingdom,GBR,2008,59.1
United Kingdom,GBR,2009,59.7
United Kingdom,GBR,2010,59.3
United Kingdom,GBR,2011,58.2
United Kingdom,GBR,2012,57.6
United Kingdom,GBR,2013,57.7
United Kingdom,GBR,2014,57.5
United Kingdom,GBR,2015,56.4
United Kingdom,GBR,2016,56.6
United Kingdom,GBR,2017,56.8
United Kingdom,GBR,2018,56.5
United Kingdom,GBR,2019,57.4
United States,USA,2004,61.8
United States,USA,2005,60.9
United States,USA,2006,60.7
United States,USA,2007,60.8
United States,USA,2008,60.9
United States,USA,2009,59.7
United States,USA,2010,58.8
United States,USA,2011,58.7
United States,USA,2012,58.5
United States,USA,2013,58
United States,USA,2014,58.1
United States,USA,2015,58.6
United States,USA,2016,58.4
United States,USA,2017,58.4
United States,USA,2018,58.3
United States,USA,2019,58.2
United States Virgin Islands,VIR,2004,58.5
United States Virgin Islands,VIR,2005,58.4
United States Virgin Islands,VIR,2006,58.4
United States Virgin Islands,VIR,2007,58.4
United States Virgin Islands,VIR,2008,58.7
United States Virgin Islands,VIR,2009,59.3
United States Virgin Islands,VIR,2010,58.6
United States Virgin Islands,VIR,2011,59.4
United States Virgin Islands,VIR,2012,60.1
United States Virgin Islands,VIR,2013,59.2
United States Virgin Islands,VIR,2014,58.7
United States Virgin Islands,VIR,2015,58.6
United States Virgin Islands,VIR,2016,58.5
United States Virgin Islands,VIR,2017,58.7
United States Virgin Islands,VIR,2018,58.5
United States Virgin Islands,VIR,2019,58.6
Uruguay,URY,2004,46.2
Uruguay,URY,2005,46.6
Uruguay,URY,2006,47.4
Uruguay,URY,2007,49.3
Uruguay,URY,2008,48.9
Uruguay,URY,2009,51.4
Uruguay,URY,2010,51.9
Uruguay,URY,2011,52.9
Uruguay,URY,2012,53.4
Uruguay,URY,2013,53.6
Uruguay,URY,2014,54.5
Uruguay,URY,2015,55.4
Uruguay,URY,2016,55.5
Uruguay,URY,2017,55.7
Uruguay,URY,2018,56.3
Uruguay,URY,2019,55.8
Uzbekistan,UZB,2004,42.2
Uzbekistan,UZB,2005,42.3
Uzbekistan,UZB,2006,42.1
Uzbekistan,UZB,2007,41.1
Uzbekistan,UZB,2008,41.2
Uzbekistan,UZB,2009,41.5
Uzbekistan,UZB,2010,41.6
Uzbekistan,UZB,2011,41.4
Uzbekistan,UZB,2012,41.6
Uzbekistan,UZB,2013,41.4
Uzbekistan,UZB,2014,41.5
Uzbekistan,UZB,2015,41.3
Uzbekistan,UZB,2016,41.2
Uzbekistan,UZB,2017,36.3
Uzbekistan,UZB,2018,35.9
Uzbekistan,UZB,2019,35.8
Vanuatu,VUT,2004,68.9
Vanuatu,VUT,2005,68.4
Vanuatu,VUT,2006,67.1
Vanuatu,VUT,2007,69.1
Vanuatu,VUT,2008,68.6
Vanuatu,VUT,2009,67
Vanuatu,VUT,2010,66.4
Vanuatu,VUT,2011,65.6
Vanuatu,VUT,2012,65
Vanuatu,VUT,2013,63.4
Vanuatu,VUT,2014,62.1
Vanuatu,VUT,2015,63.1
Vanuatu,VUT,2016,61.5
Vanuatu,VUT,2017,60.9
Vanuatu,VUT,2018,62
Vanuatu,VUT,2019,61.9
Venezuela,VEN,2004,39.5
Venezuela,VEN,2005,38.1
Venezuela,VEN,2006,40.3
Venezuela,VEN,2007,41.8
Venezuela,VEN,2008,39.4
Venezuela,VEN,2009,45.9
Venezuela,VEN,2010,39.8
Venezuela,VEN,2011,39.7
Venezuela,VEN,2012,42.5
Venezuela,VEN,2013,42.2
Venezuela,VEN,2014,48
Venezuela,VEN,2015,31.2
Venezuela,VEN,2016,30.5
Venezuela,VEN,2017,26.1
Venezuela,VEN,2018,18
Venezuela,VEN,2019,10.2
Vietnam,VNM,2004,41.3
Vietnam,VNM,2005,41.1
Vietnam,VNM,2006,41.3
Vietnam,VNM,2007,41.1
Vietnam,VNM,2008,41.9
Vietnam,VNM,2009,42
Vietnam,VNM,2010,41.3
Vietnam,VNM,2011,41.4
Vietnam,VNM,2012,41.9
Vietnam,VNM,2013,41.5
Vietnam,VNM,2014,40.8
Vietnam,VNM,2015,39.8
Vietnam,VNM,2016,40.1
Vietnam,VNM,2017,40.2
Vietnam,VNM,2018,40.2
Vietnam,VNM,2019,39.8
Western Sahara,ESH,2004,40.3
Western Sahara,ESH,2005,40.7
Western Sahara,ESH,2006,41
Western Sahara,ESH,2007,41.2
Western Sahara,ESH,2008,41.6
Western Sahara,ESH,2009,42.2
Western Sahara,ESH,2010,41.5
Western Sahara,ESH,2011,41.7
Western Sahara,ESH,2012,41.6
Western Sahara,ESH,2013,41.8
Western Sahara,ESH,2014,41.6
Western Sahara,ESH,2015,41.9
Western Sahara,ESH,2016,41.7
Western Sahara,ESH,2017,41.6
Western Sahara,ESH,2018,41.5
Western Sahara,ESH,2019,41.5
World,OWID_WRL,2004,54.1
World,OWID_WRL,2005,53.6
World,OWID_WRL,2006,53.1
World,OWID_WRL,2007,52.7
World,OWID_WRL,2008,53.1
World,OWID_WRL,2009,53.9
World,OWID_WRL,2010,52.6
World,OWID_WRL,2011,52.1
World,OWID_WRL,2012,52.2
World,OWID_WRL,2013,52.2
World,OWID_WRL,2014,52.5
World,OWID_WRL,2015,52.5
World,OWID_WRL,2016,52.6
World,OWID_WRL,2017,52.5
World,OWID_WRL,2018,52.5
World,OWID_WRL,2019,52.6
Yemen,YEM,2004,38.6
Yemen,YEM,2005,38.5
Yemen,YEM,2006,38.6
Yemen,YEM,2007,38.6
Yemen,YEM,2008,38.6
Yemen,YEM,2009,38.6
Yemen,YEM,2010,38.4
Yemen,YEM,2011,39.4
Yemen,YEM,2012,38.6
Yemen,YEM,2013,38.4
Yemen,YEM,2014,38.6
Yemen,YEM,2015,40.1
Yemen,YEM,2016,39.2
Yemen,YEM,2017,39.1
Yemen,YEM,2018,38.8
Yemen,YEM,2019,38.8
Zambia,ZMB,2004,53.7
Zambia,ZMB,2005,53.7
Zambia,ZMB,2006,53.4
Zambia,ZMB,2007,53.1
Zambia,ZMB,2008,53
Zambia,ZMB,2009,52.4
Zambia,ZMB,2010,51.7
Zambia,ZMB,2011,46.8
Zambia,ZMB,2012,52.9
Zambia,ZMB,2013,46.2
Zambia,ZMB,2014,45.7
Zambia,ZMB,2015,41.9
Zambia,ZMB,2016,39.4
Zambia,ZMB,2017,32.7
Zambia,ZMB,2018,42.6
Zambia,ZMB,2019,47.7
Zimbabwe,ZWE,2004,42
Zimbabwe,ZWE,2005,41.9
Zimbabwe,ZWE,2006,41.8
Zimbabwe,ZWE,2007,41.9
Zimbabwe,ZWE,2008,42.8
Zimbabwe,ZWE,2009,41.4
Zimbabwe,ZWE,2010,41
Zimbabwe,ZWE,2011,41.2
Zimbabwe,ZWE,2012,41
Zimbabwe,ZWE,2013,41.8
Zimbabwe,ZWE,2014,41.7
Zimbabwe,ZWE,2015,41.8
Zimbabwe,ZWE,2016,41.8
Zimbabwe,ZWE,2017,41.7
Zimbabwe,ZWE,2018,41.7
Zimbabwe,ZWE,2019,42.4
