code,code_numeric,country,fhpolrigaug,lrgdpch,polity4,year,year_numeric,sample
ADO,1,Andorra,,,,1940,8,0
ADO,1,Andorra,,,,1960,9,1
ADO,1,Andorra,,,,1980,10,1
ADO,1,Andorra,1,,,2000,11,1
AFG,2,Afghanistan,,,0.1,1940,8,0
AFG,2,Afghanistan,0.14,,0,1960,9,1
AFG,2,Afghanistan,0,,0.15,1980,10,1
AFG,2,Afghanistan,0,,0.15,2000,11,1
AGO,3,Angola,,,,1940,8,0
AGO,3,Angola,,7.812518,,1960,9,0
AGO,3,Angola,0,7.563512,0.15,1980,10,0
AGO,3,Angola,0.1666667,,0.35,2000,11,1
ALB,4,Albania,,,,1940,8,0
ALB,4,Albania,0.2,,0.05,1960,9,1
ALB,4,Albania,0,,0.05,1980,10,1
ALB,4,Albania,0.5,8.1156,0.75,2000,11,1
ARE,5,United Arab Emirates,,,,1940,8,0
ARE,5,United Arab Emirates,,,,1960,9,0
ARE,5,United Arab Emirates,0.3333333,,0.1,1980,10,0
ARE,5,United Arab Emirates,0.1666667,,0.1,2000,11,1
ARG,6,Argentina,,,0.75,1940,8,0
ARG,6,Argentina,0.63,8.905374,0.45,1960,9,1
ARG,6,Argentina,0.1666667,9.271142,0.05,1980,10,1
ARG,6,Argentina,1,9.306237,0.9,2000,11,1
ARM,7,Armenia,,,,1940,8,0
ARM,7,Armenia,,,,1960,9,0
ARM,7,Armenia,,,,1980,10,0
ARM,7,Armenia,0.5,7.934454,0.75,2000,11,0
ATG,8,Antigua,,,,1940,8,0
ATG,8,Antigua,,,,1960,9,0
ATG,8,Antigua,,8.995663,,1980,10,0
ATG,8,Antigua,0.5,9.722494,,2000,11,0
AUS,9,Australia,,,1,1940,8,0
AUS,9,Australia,1,9.277876,1,1960,9,1
AUS,9,Australia,1,9.748026,1,1980,10,1
AUS,9,Australia,1,10.14875,1,2000,11,1
AUT,10,Austria,,,,1940,8,0
AUT,10,Austria,0.97,8.900677,1,1960,9,1
AUT,10,Austria,1,9.666615,1,1980,10,1
AUT,10,Austria,1,10.07224,1,2000,11,1
AZE,11,Azerbaijan,,,,1940,8,0
AZE,11,Azerbaijan,,,,1960,9,0
AZE,11,Azerbaijan,,,,1980,10,0
AZE,11,Azerbaijan,0.1666667,7.936543,0.15,2000,11,0
BAD,12,Baden,,,,1940,8,0
BAD,12,Baden,,,,1960,9,0
BAD,12,Baden,,,,1980,10,0
BAD,12,Baden,,,,2000,11,0
BAV,13,Bavaria,,,,1940,8,0
BAV,13,Bavaria,,,,1960,9,0
BAV,13,Bavaria,,,,1980,10,0
BAV,13,Bavaria,,,,2000,11,0
BDI,14,Burundi,,,,1940,8,0
BDI,14,Burundi,0.31,6.283445,,1960,9,0
BDI,14,Burundi,0,6.623969,0.15,1980,10,0
BDI,14,Burundi,0.1666667,6.25998,0.45,2000,11,1
BEL,15,Belgium,,,,1940,8,0
BEL,15,Belgium,1,8.95908,1,1960,9,1
BEL,15,Belgium,1,9.700546,1,1980,10,1
BEL,15,Belgium,1,10.07665,1,2000,11,1
BEN,16,Benin,,,,1940,8,0
BEN,16,Benin,0.55,6.972244,0.6,1960,9,0
BEN,16,Benin,0,6.907778,0.15,1980,10,1
BEN,16,Benin,0.8333333,7.101663,0.8,2000,11,1
BFA,17,Burkina Faso,,,,1940,8,0
BFA,17,Burkina Faso,0.14,6.626073,0.15,1960,9,0
BFA,17,Burkina Faso,0.1666667,6.639576,0.15,1980,10,1
BFA,17,Burkina Faso,0.5,6.863626,0.35,2000,11,1
BGD,18,Bangladesh,,,,1940,8,0
BGD,18,Bangladesh,,6.963459,,1960,9,0
BGD,18,Bangladesh,0.6666667,6.880692,0.3,1980,10,0
BGD,18,Bangladesh,0.6666667,7.428857,0.8,2000,11,1
BGR,19,Bulgaria,,,0,1940,8,0
BGR,19,Bulgaria,0.23,,0.15,1960,9,1
BGR,19,Bulgaria,0,,0.15,1980,10,1
BGR,19,Bulgaria,0.8333333,8.663001,0.9,2000,11,1
BHR,20,Bahrain,,,,1940,8,0
BHR,20,Bahrain,,,,1960,9,0
BHR,20,Bahrain,0.3333333,,0,1980,10,0
BHR,20,Bahrain,0,,0.05,2000,11,1
BHS,21,Bahamas,,,,1940,8,0
BHS,21,Bahamas,,,,1960,9,0
BHS,21,Bahamas,1,,,1980,10,0
BHS,21,Bahamas,1,,,2000,11,1
BIH,22,Bosnia and Herzegovina,,,,1940,8,0
BIH,22,Bosnia and Herzegovina,,,,1960,9,0
BIH,22,Bosnia and Herzegovina,,,,1980,10,0
BIH,22,Bosnia and Herzegovina,0.3333333,,,2000,11,0
BLR,23,Belarus,,,,1940,8,0
BLR,23,Belarus,,,,1960,9,0
BLR,23,Belarus,,,,1980,10,0
BLR,23,Belarus,0.1666667,9.03808,0.15,2000,11,0
BLZ,24,Belize,,,,1940,8,0
BLZ,24,Belize,,,,1960,9,0
BLZ,24,Belize,,8.448585,,1980,10,0
BLZ,24,Belize,1,8.79349,,2000,11,0
BOL,25,Bolivia,,,0.25,1940,8,0
BOL,25,Bolivia,0.6,7.763807,0.35,1960,9,1
BOL,25,Bolivia,0,8.023971,0.15,1980,10,1
BOL,25,Bolivia,1,7.909896,0.95,2000,11,1
BRA,26,Brazil,,,0.15,1940,8,0
BRA,26,Brazil,0.91,7.771254,0.8,1960,9,1
BRA,26,Brazil,0.5,8.760891,0.3,1980,10,1
BRA,26,Brazil,0.6666667,8.880447,0.9,2000,11,1
BRB,27,Barbados,,,,1940,8,0
BRB,27,Barbados,,8.130892,,1960,9,0
BRB,27,Barbados,1,9.230895,,1980,10,0
BRB,27,Barbados,1,9.705969,,2000,11,1
BRN,28,Brunei,,,,1940,8,0
BRN,28,Brunei,,,,1960,9,0
BRN,28,Brunei,0.1666667,,,1980,10,0
BRN,28,Brunei,0,,,2000,11,0
BTN,29,Bhutan,,,0,1940,8,0
BTN,29,Bhutan,,,0.1,1960,9,1
BTN,29,Bhutan,0.3333333,,0.1,1980,10,1
BTN,29,Bhutan,0,,0.1,2000,11,1
BWA,30,Botswana,,,,1940,8,0
BWA,30,Botswana,,6.864856,,1960,9,0
BWA,30,Botswana,0.8333333,8.141397,0.85,1980,10,0
BWA,30,Botswana,0.8333333,,0.95,2000,11,1
CAF,31,Central African Republic,,,,1940,8,0
CAF,31,Central African Republic,0.65,7.685929,0.15,1960,9,0
CAF,31,Central African Republic,0,7.493813,0.15,1980,10,1
CAF,31,Central African Republic,0.6666667,,0.75,2000,11,1
CAN,32,Canada,,,1,1940,8,0
CAN,32,Canada,1,9.247975,1,1960,9,1
CAN,32,Canada,1,9.851376,1,1980,10,1
CAN,32,Canada,1,10.20005,1,2000,11,1
CHE,33,Switzerland,,,1,1940,8,0
CHE,33,Switzerland,1,9.614354,1,1960,9,1
CHE,33,Switzerland,1,10.01333,1,1980,10,1
CHE,33,Switzerland,1,10.18164,1,2000,11,1
CHL,34,Chile,,,0.6,1940,8,0
CHL,34,Chile,1,8.256587,0.75,1960,9,1
CHL,34,Chile,0.1666667,8.59636,0.15,1980,10,1
CHL,34,Chile,0.8333333,9.202866,0.95,2000,11,1
CHN,35,China,,,,1940,8,0
CHN,35,China,0.23,6.524397,0.1,1960,9,1
CHN,35,China,0.1666667,6.974238,0.15,1980,10,1
CHN,35,China,0,8.22879,0.15,2000,11,1
CIV,36,Cote d'Ivoire,,,,1940,8,0
CIV,36,Cote d'Ivoire,0.43,7.395059,0.05,1960,9,0
CIV,36,Cote d'Ivoire,0.1666667,7.834884,0.05,1980,10,1
CIV,36,Cote d'Ivoire,0.1666667,7.533251,0.7,2000,11,1
CMR,37,Cameroon,,,,1940,8,0
CMR,37,Cameroon,0.73,7.426562,0.2,1960,9,0
CMR,37,Cameroon,0.1666667,7.662082,0.1,1980,10,1
CMR,37,Cameroon,0,7.62151,0.3,2000,11,1
COG,38,"Congo, Rep.",,,,1940,8,0
COG,38,"Congo, Rep.",0.71,6.200138,0.7,1960,9,0
COG,38,"Congo, Rep.",0,7.354609,0.1,1980,10,1
COG,38,"Congo, Rep.",0.1666667,7.500045,0.2,2000,11,1
COL,39,Colombia,,,0.75,1940,8,0
COL,39,Colombia,0.7,7.83598,0.85,1960,9,1
COL,39,Colombia,0.8333333,8.369085,0.9,1980,10,1
COL,39,Colombia,0.5,8.591086,0.85,2000,11,1
COM,40,Comoros,,,,1940,8,0
COM,40,Comoros,,7.563939,,1960,9,0
COM,40,Comoros,0.5,7.63765,0.25,1980,10,0
COM,40,Comoros,0.1666667,7.363977,0.45,2000,11,1
CPV,41,Cape Verde,,,,1940,8,0
CPV,41,Cape Verde,,6.902211,,1960,9,0
CPV,41,Cape Verde,0.1666667,7.571468,,1980,10,0
CPV,41,Cape Verde,1,8.300804,,2000,11,1
CRI,42,Costa Rica,,,1,1940,8,0
CRI,42,Costa Rica,0.91,8.153575,1,1960,9,1
CRI,42,Costa Rica,1,8.597603,1,1980,10,1
CRI,42,Costa Rica,1,8.677622,1,2000,11,1
CUB,43,Cuba,,,0.65,1940,8,0
CUB,43,Cuba,0.14,,,1960,9,1
CUB,43,Cuba,0.1666667,,0.15,1980,10,1
CUB,43,Cuba,0,,0.15,2000,11,1
CYP,44,Cyprus,,,,1940,8,0
CYP,44,Cyprus,0.86,7.997364,0.9,1960,9,0
CYP,44,Cyprus,0.6666667,8.957566,1,1980,10,1
CYP,44,Cyprus,1,,1,2000,11,1
CZE,45,Czech Republic,,,,1940,8,0
CZE,45,Czech Republic,,,,1960,9,0
CZE,45,Czech Republic,,,,1980,10,0
CZE,45,Czech Republic,1,9.522665,1,2000,11,0
CZE_1,46,Czechoslovakia,,,,1940,8,0
CZE_1,46,Czechoslovakia,0.22,,0.15,1960,9,1
CZE_1,46,Czechoslovakia,0,,0.15,1980,10,1
CZE_1,46,Czechoslovakia,,,,2000,11,1
DEU,47,Germany,,,0.05,1940,8,0
DEU,47,Germany,,,,1960,9,1
DEU,47,Germany,,9.6754,,1980,10,1
DEU,47,Germany,1,10.03695,1,2000,11,1
DEU_E,48,"Germany, East",,,,1940,8,0
DEU_E,48,"Germany, East",0.2,,0.05,1960,9,1
DEU_E,48,"Germany, East",0,,0.05,1980,10,1
DEU_E,48,"Germany, East",,,,2000,11,1
DEU_W,49,"Germany, West",,,,1940,8,0
DEU_W,49,"Germany, West",0.88,,1,1960,9,1
DEU_W,49,"Germany, West",1,,1,1980,10,1
DEU_W,49,"Germany, West",,,,2000,11,1
DJI,50,Djibouti,,,,1940,8,0
DJI,50,Djibouti,,,,1960,9,0
DJI,50,Djibouti,0.6666667,,0.1,1980,10,0
DJI,50,Djibouti,0.5,,0.6,2000,11,1
DMA,51,Dominica,,,,1940,8,0
DMA,51,Dominica,,,,1960,9,0
DMA,51,Dominica,0.8333333,8.126091,,1980,10,0
DMA,51,Dominica,1,8.906344,,2000,11,1
DNK,52,Denmark,,,,1940,8,0
DNK,52,Denmark,1,9.304565,1,1960,9,1
DNK,52,Denmark,1,9.814511,1,1980,10,1
DNK,52,Denmark,1,10.18898,1,2000,11,1
DOM,53,Dominican Republic,,,0.05,1940,8,0
DOM,53,Dominican Republic,0.21,7.435221,0.05,1960,9,1
DOM,53,Dominican Republic,0.8333333,7.978275,0.8,1980,10,1
DOM,53,Dominican Republic,0.8333333,8.569816,0.9,2000,11,1
DZA,54,Algeria,,,,1940,8,0
DZA,54,Algeria,,7.8876,,1960,9,0
DZA,54,Algeria,0.1666667,8.469116,0.05,1980,10,0
DZA,54,Algeria,0.1666667,8.496084,0.35,2000,11,1
ECU,55,Ecuador,,,0.45,1940,8,0
ECU,55,Ecuador,0.84,7.602719,0.6,1960,9,1
ECU,55,Ecuador,0.8333333,8.352687,0.95,1980,10,1
ECU,55,Ecuador,0.6666667,8.151236,0.8,2000,11,1
EGY,56,"Egypt, Arab Rep.",,,0.55,1940,8,0
EGY,56,"Egypt, Arab Rep.",0.37,7.298231,0.15,1960,9,1
EGY,56,"Egypt, Arab Rep.",0.3333333,7.793143,0.2,1980,10,1
EGY,56,"Egypt, Arab Rep.",0.1666667,8.339016,0.2,2000,11,1
ERI,57,Eritrea,,,,1940,8,0
ERI,57,Eritrea,,,,1960,9,0
ERI,57,Eritrea,,,,1980,10,0
ERI,57,Eritrea,0,,0.2,2000,11,0
ESP,58,Spain,,,0.15,1940,8,0
ESP,58,Spain,0.11,8.441745,0.15,1960,9,1
ESP,58,Spain,0.8333333,9.350207,0.95,1980,10,1
ESP,58,Spain,1,9.800728,1,2000,11,1
EST,59,Estonia,,,0.2,1940,8,0
EST,59,Estonia,,,,1960,9,1
EST,59,Estonia,,,,1980,10,1
EST,59,Estonia,1,9.168336,0.8,2000,11,1
ETH,60,Ethiopia 1993-,,,,1940,8,0
ETH,60,Ethiopia 1993-,,,,1960,9,0
ETH,60,Ethiopia 1993-,,,,1980,10,0
ETH,60,Ethiopia 1993-,0.3333333,6.452979,0.55,2000,11,0
ETH_1,61,Ethiopia -pre 1993,,,,1940,8,0
ETH_1,61,Ethiopia -pre 1993,0.31,6.266719,0.05,1960,9,1
ETH_1,61,Ethiopia -pre 1993,0,6.463727,0.15,1980,10,1
ETH_1,61,Ethiopia -pre 1993,,,,2000,11,1
ETM,62,East Timor,,,,1940,8,0
ETM,62,East Timor,,,,1960,9,0
ETM,62,East Timor,,,,1980,10,0
ETM,62,East Timor,,,,2000,11,0
FIN,63,Finland,,,0.7,1940,8,0
FIN,63,Finland,0.97,8.921469,1,1960,9,1
FIN,63,Finland,0.8333333,9.651776,1,1980,10,1
FIN,63,Finland,1,10.07711,1,2000,11,1
FJI,64,Fiji,,,,1940,8,0
FJI,64,Fiji,,7.91746,,1960,9,0
FJI,64,Fiji,0.8333333,8.43384,0.95,1980,10,0
FJI,64,Fiji,0.1666667,,,2000,11,1
FRA,65,France,,,0.05,1940,8,0
FRA,65,France,0.9,8.965018,0.75,1960,9,1
FRA,65,France,1,9.693839,0.9,1980,10,1
FRA,65,France,1,10.01493,0.95,2000,11,1
GAB,66,Gabon,,,,1940,8,0
GAB,66,Gabon,0.63,8.015266,0.15,1960,9,0
GAB,66,Gabon,0.1666667,9.111508,0.05,1980,10,1
GAB,66,Gabon,0.3333333,9.036213,0.3,2000,11,1
GBR,67,United Kingdom,,,1,1940,8,0
GBR,67,United Kingdom,0.99,9.177211,1,1960,9,1
GBR,67,United Kingdom,1,9.569088,1,1980,10,1
GBR,67,United Kingdom,1,10.00738,1,2000,11,1
GCL,68,Gran Colombia,,,,1940,8,0
GCL,68,Gran Colombia,,,,1960,9,0
GCL,68,Gran Colombia,,,,1980,10,0
GCL,68,Gran Colombia,,,,2000,11,0
GEO,69,Georgia,,,,1940,8,0
GEO,69,Georgia,,,,1960,9,0
GEO,69,Georgia,,,,1980,10,0
GEO,69,Georgia,0.5,8.498297,0.75,2000,11,0
GHA,70,Ghana,,,,1940,8,0
GHA,70,Ghana,0.57,6.764173,0.1,1960,9,0
GHA,70,Ghana,0.8333333,7.09344,0.8,1980,10,1
GHA,70,Ghana,0.8333333,7.208454,0.6,2000,11,1
GIN,71,Guinea,,,,1940,8,0
GIN,71,Guinea,,7.921682,0.05,1960,9,0
GIN,71,Guinea,0,7.86262,0.05,1980,10,1
GIN,71,Guinea,0.1666667,7.948218,0.45,2000,11,1
GMB,72,"Gambia, The",,,,1940,8,0
GMB,72,"Gambia, The",,6.805074,,1960,9,0
GMB,72,"Gambia, The",0.8333333,7.144153,0.9,1980,10,0
GMB,72,"Gambia, The",0,7.104079,0.25,2000,11,1
GNB,73,Guinea-Bissau,,,,1940,8,0
GNB,73,Guinea-Bissau,,6.056391,,1960,9,0
GNB,73,Guinea-Bissau,0.1666667,6.103621,0.15,1980,10,0
GNB,73,Guinea-Bissau,0.5,6.533538,0.75,2000,11,1
GNQ,74,Equatorial Guinea,,,,1940,8,0
GNQ,74,Equatorial Guinea,,8.091364,,1960,9,0
GNQ,74,Equatorial Guinea,0,7.689084,0.15,1980,10,0
GNQ,74,Equatorial Guinea,0,8.189795,0.25,2000,11,1
GRC,75,Greece,,,0.1,1940,8,0
GRC,75,Greece,0.88,8.334816,0.7,1960,9,1
GRC,75,Greece,0.8333333,9.380486,0.9,1980,10,1
GRC,75,Greece,1,9.589738,1,2000,11,1
GRD,76,Grenada,,,,1940,8,0
GRD,76,Grenada,,,,1960,9,0
GRD,76,Grenada,0.3333333,8.012017,,1980,10,0
GRD,76,Grenada,1,8.728799,,2000,11,1
GTM,77,Guatemala,,,0.05,1940,8,0
GTM,77,Guatemala,0.7,7.759642,0.25,1960,9,1
GTM,77,Guatemala,0.3333333,8.308284,0.25,1980,10,1
GTM,77,Guatemala,0.6666667,8.272367,0.9,2000,11,1
GUY,78,Guyana,,,,1940,8,0
GUY,78,Guyana,,7.548697,,1960,9,0
GUY,78,Guyana,0.5,7.945521,0.15,1980,10,0
GUY,78,Guyana,0.8333333,,0.8,2000,11,1
HND,79,Honduras,,,0.35,1940,8,0
HND,79,Honduras,0.7,7.438536,0.45,1960,9,1
HND,79,Honduras,0.5,7.731841,,1980,10,1
HND,79,Honduras,0.6666667,7.625558,0.85,2000,11,1
HRV,80,Croatia,,,,1940,8,0
HRV,80,Croatia,,,,1960,9,0
HRV,80,Croatia,,,,1980,10,0
HRV,80,Croatia,0.8333333,9.050838,0.85,2000,11,0
HTI,81,Haiti,,,0.5,1940,8,0
HTI,81,Haiti,0.35,,0.1,1960,9,1
HTI,81,Haiti,0.1666667,7.013275,0.05,1980,10,1
HTI,81,Haiti,0.1666667,,0.4,2000,11,1
HUN,82,Hungary,,,0.45,1940,8,0
HUN,82,Hungary,0.28,,0.15,1960,9,1
HUN,82,Hungary,0.1666667,9.011422,0.15,1980,10,1
HUN,82,Hungary,1,9.253325,1,2000,11,1
IDN,83,Indonesia,,,,1940,8,0
IDN,83,Indonesia,0.2,6.841697,0.25,1960,9,0
IDN,83,Indonesia,0.3333333,7.54732,0.15,1980,10,1
IDN,83,Indonesia,0.6666667,8.200371,0.85,2000,11,1
IND,84,India,,,,1940,8,0
IND,84,India,0.94,6.74189,0.95,1960,9,0
IND,84,India,0.8333333,7.055082,0.9,1980,10,1
IND,84,India,0.8333333,7.815578,0.95,2000,11,1
IRL,85,Ireland,,,0.9,1940,8,0
IRL,85,Ireland,0.95,8.544048,1,1960,9,1
IRL,85,Ireland,1,9.206577,1,1980,10,1
IRL,85,Ireland,1,10.18039,1,2000,11,1
IRN,86,Iran,,,0.1,1940,8,0
IRN,86,Iran,0.35,7.8892,0,1960,9,1
IRN,86,Iran,0.3333333,8.301185,,1980,10,1
IRN,86,Iran,0.1666667,8.698613,0.65,2000,11,1
IRQ,87,Iraq,,,0.35,1940,8,0
IRQ,87,Iraq,0.15,,0.25,1960,9,1
IRQ,87,Iraq,0.1666667,,0.05,1980,10,1
IRQ,87,Iraq,0,,0.05,2000,11,1
ISL,88,Iceland,,,1,1940,8,0
ISL,88,Iceland,1,9.014312,1,1960,9,1
ISL,88,Iceland,1,9.808449,1,1980,10,1
ISL,88,Iceland,1,10.11767,1,2000,11,1
ISR,89,Israel,,,,1940,8,0
ISR,89,Israel,0.95,8.620045,1,1960,9,0
ISR,89,Israel,0.8333333,9.34363,0.95,1980,10,1
ISR,89,Israel,1,9.738237,1,2000,11,1
ITA,90,Italy,,,0.05,1940,8,0
ITA,90,Italy,0.97,8.837732,1,1960,9,1
ITA,90,Italy,1,9.631416,1,1980,10,1
ITA,90,Italy,1,9.988757,1,2000,11,1
JAM,91,Jamaica,,,,1940,8,0
JAM,91,Jamaica,0.91,7.917863,1,1960,9,0
JAM,91,Jamaica,0.8333333,8.146678,1,1980,10,0
JAM,91,Jamaica,0.8333333,8.214085,0.95,2000,11,1
JOR,92,Jordan,,,,1940,8,0
JOR,92,Jordan,0.32,7.734221,0.05,1960,9,0
JOR,92,Jordan,0.1666667,8.306857,0,1980,10,1
JOR,92,Jordan,0.5,8.267375,0.4,2000,11,1
JPN,93,Japan,,,0.55,1940,8,0
JPN,93,Japan,0.99,8.42168,1,1960,9,1
JPN,93,Japan,1,9.656223,1,1980,10,1
JPN,93,Japan,1,10.11356,1,2000,11,1
KAZ,94,Kazakhstan,,,,1940,8,0
KAZ,94,Kazakhstan,,,,1960,9,0
KAZ,94,Kazakhstan,,,,1980,10,0
KAZ,94,Kazakhstan,0.1666667,8.908018,0.3,2000,11,0
KEN,95,Kenya,,,,1940,8,0
KEN,95,Kenya,0.71,6.679399,,1960,9,0
KEN,95,Kenya,0.3333333,7.12166,0.2,1980,10,0
KEN,95,Kenya,0.1666667,7.126381,0.4,2000,11,1
KGZ,96,Kyrgyz Republic,,,,1940,8,0
KGZ,96,Kyrgyz Republic,,,,1960,9,0
KGZ,96,Kyrgyz Republic,,,,1980,10,0
KGZ,96,Kyrgyz Republic,0.1666667,8.011205,0.35,2000,11,0
KHM,97,Cambodia,,,,1940,8,0
KHM,97,Cambodia,0.39,,0.05,1960,9,0
KHM,97,Cambodia,0,,,1980,10,1
KHM,97,Cambodia,0.1666667,,0.6,2000,11,1
KIR,98,Kiribati,,,,1940,8,0
KIR,98,Kiribati,,,,1960,9,0
KIR,98,Kiribati,0.8333333,,,1980,10,0
KIR,98,Kiribati,1,,,2000,11,1
KNA,99,St. Kitts and Nevis,,,,1940,8,0
KNA,99,St. Kitts and Nevis,,,,1960,9,0
KNA,99,St. Kitts and Nevis,,8.546586,,1980,10,0
KNA,99,St. Kitts and Nevis,1,9.522664,,2000,11,0
KOE,100,Korea,,,,1940,8,0
KOE,100,Korea,,,,1960,9,1
KOE,100,Korea,,,,1980,10,1
KOE,100,Korea,,,,2000,11,1
KOR,101,"Korea, Rep.",,,,1940,8,0
KOR,101,"Korea, Rep.",0.52,7.310043,0.9,1960,9,0
KOR,101,"Korea, Rep.",0.3333333,8.47425,0.1,1980,10,1
KOR,101,"Korea, Rep.",0.8333333,9.672554,0.9,2000,11,1
KWT,102,Kuwait,,,,1940,8,0
KWT,102,Kuwait,,,,1960,9,0
KWT,102,Kuwait,0.1666667,,0,1980,10,0
KWT,102,Kuwait,0.5,,0.15,2000,11,1
LAO,103,Lao PDR,,,,1940,8,0
LAO,103,Lao PDR,0.57,,0.45,1960,9,0
LAO,103,Lao PDR,0,,0.15,1980,10,1
LAO,103,Lao PDR,0,,0.15,2000,11,1
LBN,104,Lebanon,,,,1940,8,0
LBN,104,Lebanon,0.84,,0.6,1960,9,0
LBN,104,Lebanon,0.5,,,1980,10,1
LBN,104,Lebanon,0.1666667,8.663174,,2000,11,1
LBR,105,Liberia,,,0.2,1940,8,0
LBR,105,Liberia,0.47,,0.2,1960,9,1
LBR,105,Liberia,0.1666667,,0.15,1980,10,1
LBR,105,Liberia,0.3333333,,0.5,2000,11,1
LBY,106,Libya,,,,1940,8,0
LBY,106,Libya,0.31,,0.15,1960,9,0
LBY,106,Libya,0.1666667,,0.15,1980,10,1
LBY,106,Libya,0,,0.15,2000,11,1
LCA,107,St. Lucia,,,,1940,8,0
LCA,107,St. Lucia,,,,1960,9,0
LCA,107,St. Lucia,0.8333333,8.082571,,1980,10,0
LCA,107,St. Lucia,1,8.753119,,2000,11,1
LIE,108,Liechtenstein,,,,1940,8,0
LIE,108,Liechtenstein,,,,1960,9,1
LIE,108,Liechtenstein,,,,1980,10,1
LIE,108,Liechtenstein,1,,,2000,11,1
LKA,109,Sri Lanka,,,,1940,8,0
LKA,109,Sri Lanka,0.94,7.195235,0.85,1960,9,0
LKA,109,Sri Lanka,0.8333333,7.489711,0.8,1980,10,1
LKA,109,Sri Lanka,0.6666667,8.10163,0.75,2000,11,1
LSO,110,Lesotho,,,,1940,8,0
LSO,110,Lesotho,,6.548558,,1960,9,0
LSO,110,Lesotho,0.3333333,7.213881,0.15,1980,10,0
LSO,110,Lesotho,0.5,7.37254,,2000,11,1
LTU,111,Lithuania,,,0.05,1940,8,0
LTU,111,Lithuania,,,,1960,9,1
LTU,111,Lithuania,,,,1980,10,1
LTU,111,Lithuania,1,8.889239,1,2000,11,1
LUX,112,Luxembourg,,,,1940,8,0
LUX,112,Luxembourg,1,9.367659,,1960,9,1
LUX,112,Luxembourg,1,9.790245,,1980,10,1
LUX,112,Luxembourg,1,10.6917,,2000,11,1
LVA,113,Latvia,,,0.05,1940,8,0
LVA,113,Latvia,,,,1960,9,1
LVA,113,Latvia,,,,1980,10,1
LVA,113,Latvia,1,8.942823,0.9,2000,11,1
MAR,114,Morocco,,,,1940,8,0
MAR,114,Morocco,0.41,7.176346,0.25,1960,9,0
MAR,114,Morocco,0.5,8.00448,0.1,1980,10,1
MAR,114,Morocco,0.3333333,8.220592,0.2,2000,11,1
MDA,115,Moldova,,,,1940,8,0
MDA,115,Moldova,,,,1960,9,0
MDA,115,Moldova,,,,1980,10,0
MDA,115,Moldova,0.8333333,7.642906,0.85,2000,11,0
MDG,116,Madagascar,,,,1940,8,0
MDG,116,Madagascar,0.92,7.122519,0.45,1960,9,0
MDG,116,Madagascar,0.1666667,6.990982,0.2,1980,10,1
MDG,116,Madagascar,0.8333333,6.728495,0.85,2000,11,1
MDV,117,Maldives,,,,1940,8,0
MDV,117,Maldives,,,,1960,9,0
MDV,117,Maldives,0.3333333,,,1980,10,0
MDV,117,Maldives,0.1666667,,,2000,11,1
MEX,118,Mexico,,,0.2,1940,8,0
MEX,118,Mexico,0.8,8.289124,0.2,1960,9,1
MEX,118,Mexico,0.6666667,8.943083,0.35,1980,10,1
MEX,118,Mexico,0.8333333,9.078218,0.9,2000,11,1
MKD,119,"Macedonia, FYR",,,,1940,8,0
MKD,119,"Macedonia, FYR",,,,1960,9,0
MKD,119,"Macedonia, FYR",,,,1980,10,0
MKD,119,"Macedonia, FYR",0.5,8.545053,0.8,2000,11,0
MLI,120,Mali,,,,1940,8,0
MLI,120,Mali,0.53,6.890221,0.15,1960,9,0
MLI,120,Mali,0,6.850566,0.15,1980,10,1
MLI,120,Mali,0.8333333,6.876678,0.8,2000,11,1
MLT,121,Malta,,,,1940,8,0
MLT,121,Malta,,,,1960,9,0
MLT,121,Malta,0.8333333,,,1980,10,0
MLT,121,Malta,1,,,2000,11,1
MMR,122,Myanmar,,,,1940,8,0
MMR,122,Myanmar,0.63,,0.9,1960,9,0
MMR,122,Myanmar,0,,0.1,1980,10,1
MMR,122,Myanmar,0,,0.15,2000,11,1
MNG,123,Mongolia,,,0.05,1940,8,0
MNG,123,Mongolia,0.22,,0.15,1960,9,1
MNG,123,Mongolia,0,,0.15,1980,10,1
MNG,123,Mongolia,0.8333333,,1,2000,11,1
MOD,124,Modena,,,,1940,8,0
MOD,124,Modena,,,,1960,9,0
MOD,124,Modena,,,,1980,10,0
MOD,124,Modena,,,,2000,11,0
MOZ,125,Mozambique,,,,1940,8,0
MOZ,125,Mozambique,,7.364519,,1960,9,0
MOZ,125,Mozambique,0,7.029049,0.1,1980,10,0
MOZ,125,Mozambique,0.6666667,6.944121,0.8,2000,11,1
MRT,126,Mauritania,,,,1940,8,0
MRT,126,Mauritania,0.67,6.951782,0.3,1960,9,0
MRT,126,Mauritania,0,7.545162,0.15,1980,10,1
MRT,126,Mauritania,0.1666667,,0.2,2000,11,1
MUS,127,Mauritius,,,,1940,8,0
MUS,127,Mauritius,,8.057663,,1960,9,0
MUS,127,Mauritius,0.8333333,8.658683,0.95,1980,10,0
MUS,127,Mauritius,1,9.541922,1,2000,11,1
MWI,128,Malawi,,,,1940,8,0
MWI,128,Malawi,,6.03681,,1960,9,0
MWI,128,Malawi,0.1666667,6.482756,0.05,1980,10,0
MWI,128,Malawi,0.6666667,6.664136,0.85,2000,11,1
MYS,129,Malaysia,,,,1940,8,0
MYS,129,Malaysia,0.84,7.658714,1,1960,9,0
MYS,129,Malaysia,0.6666667,8.492172,0.7,1980,10,1
MYS,129,Malaysia,0.3333333,9.202227,0.65,2000,11,1
NAM,130,Namibia,,,,1940,8,0
NAM,130,Namibia,,8.097447,,1960,9,0
NAM,130,Namibia,,8.391611,,1980,10,0
NAM,130,Namibia,0.8333333,,0.8,2000,11,0
NER,131,Niger,,,,1940,8,0
NER,131,Niger,0.57,7.392861,0.15,1960,9,0
NER,131,Niger,0,7.032337,0.15,1980,10,1
NER,131,Niger,0.5,6.774415,0.7,2000,11,1
NGA,132,Nigeria,,,,1940,8,0
NGA,132,Nigeria,0.87,6.939947,0.9,1960,9,0
NGA,132,Nigeria,0.8333333,7.102584,0.85,1980,10,1
NGA,132,Nigeria,0.5,6.560809,0.7,2000,11,1
NIC,133,Nicaragua,,,0.1,1940,8,0
NIC,133,Nicaragua,0.49,7.964466,0.1,1960,9,1
NIC,133,Nicaragua,0.3333333,8.01919,,1980,10,1
NIC,133,Nicaragua,0.6666667,7.47715,0.9,2000,11,1
NLD,134,Netherlands,,,,1940,8,0
NLD,134,Netherlands,1,9.13194,1,1960,9,1
NLD,134,Netherlands,1,9.694074,1,1980,10,1
NLD,134,Netherlands,1,10.09876,1,2000,11,1
NOR,135,Norway,,,,1940,8,0
NOR,135,Norway,1,9.016792,1,1960,9,1
NOR,135,Norway,1,9.730227,1,1980,10,1
NOR,135,Norway,1,10.20583,1,2000,11,1
NPL,136,Nepal,,,0.35,1940,8,0
NPL,136,Nepal,0.4,6.657564,0,1960,9,1
NPL,136,Nepal,0.6666667,6.756389,0.05,1980,10,1
NPL,136,Nepal,0.6666667,7.285717,0.8,2000,11,1
NZL,137,New Zealand,,,1,1940,8,0
NZL,137,New Zealand,1,9.353518,1,1960,9,1
NZL,137,New Zealand,1,9.563643,1,1980,10,1
NZL,137,New Zealand,1,9.842444,1,2000,11,1
OFS,138,Orange Free State,,,,1940,8,0
OFS,138,Orange Free State,,,,1960,9,0
OFS,138,Orange Free State,,,,1980,10,0
OFS,138,Orange Free State,,,,2000,11,0
OMN,139,Oman,,,0.2,1940,8,0
OMN,139,Oman,,,0,1960,9,1
OMN,139,Oman,0.1666667,,0,1980,10,1
OMN,139,Oman,0.1666667,,0.05,2000,11,1
PAK,140,Pakistan-post-1972,,,,1940,8,0
PAK,140,Pakistan-post-1972,,,,1960,9,0
PAK,140,Pakistan-post-1972,0,7.049308,0.15,1980,10,0
PAK,140,Pakistan-post-1972,0.1666667,7.604745,0.2,2000,11,1
PAK_1,141,Pakistan-pre-1972,,,,1940,8,0
PAK_1,141,Pakistan-pre-1972,0.4,6.450712,0.15,1960,9,0
PAK_1,141,Pakistan-pre-1972,,,,1980,10,1
PAK_1,141,Pakistan-pre-1972,,,,2000,11,1
PAN,142,Panama,,,0.35,1940,8,0
PAN,142,Panama,0.75,7.751285,0.7,1960,9,1
PAN,142,Panama,0.5,8.583906,0.2,1980,10,1
PAN,142,Panama,1,8.710505,0.95,2000,11,1
PAP,143,Papal States,,,,1940,8,0
PAP,143,Papal States,,,,1960,9,0
PAP,143,Papal States,,,,1980,10,0
PAP,143,Papal States,,,,2000,11,0
PER,144,Peru,,,0.6,1940,8,0
PER,144,Peru,0.83,8.07968,0.7,1960,9,1
PER,144,Peru,0.8333333,8.497258,0.85,1980,10,1
PER,144,Peru,0.6666667,8.431426,,2000,11,1
PHL,145,Philippines,,,0.75,1940,8,0
PHL,145,Philippines,0.93,7.608164,0.75,1960,9,0
PHL,145,Philippines,0.3333333,8.098315,0.05,1980,10,1
PHL,145,Philippines,0.8333333,8.138867,0.9,2000,11,1
PMA,146,Parma,,,,1940,8,0
PMA,146,Parma,,,,1960,9,0
PMA,146,Parma,,,,1980,10,0
PMA,146,Parma,,,,2000,11,0
PNG,147,Papua New Guinea,,,,1940,8,0
PNG,147,Papua New Guinea,,7.685717,,1960,9,0
PNG,147,Papua New Guinea,0.8333333,8.045626,1,1980,10,0
PNG,147,Papua New Guinea,0.8333333,,1,2000,11,1
POL,148,Poland,,,,1940,8,0
POL,148,Poland,0.24,,0.15,1960,9,1
POL,148,Poland,0.1666667,8.858294,0.2,1980,10,1
POL,148,Poland,1,9.128801,0.95,2000,11,1
PRK,149,"Korea, Dem. Rep.",,,,1940,8,0
PRK,149,"Korea, Dem. Rep.",0.21,,0.1,1960,9,0
PRK,149,"Korea, Dem. Rep.",0,,0.05,1980,10,1
PRK,149,"Korea, Dem. Rep.",0,,0.05,2000,11,1
PRT,150,Portugal,,,0.05,1940,8,0
PRT,150,Portugal,0.42,8.140011,0.05,1960,9,1
PRT,150,Portugal,0.8333333,9.10981,0.95,1980,10,1
PRT,150,Portugal,1,9.675546,1,2000,11,1
PRY,151,Paraguay,,,0.05,1940,8,0
PRY,151,Paraguay,0.39,7.793753,0.05,1960,9,1
PRY,151,Paraguay,0.3333333,8.408973,0.1,1980,10,1
PRY,151,Paraguay,0.5,8.451826,0.85,2000,11,1
QAT,152,Qatar,,,,1940,8,0
QAT,152,Qatar,,,,1960,9,0
QAT,152,Qatar,0.3333333,,0,1980,10,0
QAT,152,Qatar,0.1666667,,0,2000,11,1
ROM,153,Romania,,,,1940,8,0
ROM,153,Romania,0.2,6.945526,0.15,1960,9,1
ROM,153,Romania,0,7.664037,0.1,1980,10,1
ROM,153,Romania,0.8333333,8.362939,0.9,2000,11,1
RUS,154,Russia,,,,1940,8,0
RUS,154,Russia,,,,1960,9,1
RUS,154,Russia,,,,1980,10,1
RUS,154,Russia,0.3333333,8.988348,0.85,2000,11,1
RWA,155,Rwanda,,,,1940,8,0
RWA,155,Rwanda,0.31,6.843564,,1960,9,0
RWA,155,Rwanda,0.1666667,7.00038,0.15,1980,10,0
RWA,155,Rwanda,0,6.797143,0.3,2000,11,1
SAR,156,Sardinia,,,,1940,8,0
SAR,156,Sardinia,,,,1960,9,0
SAR,156,Sardinia,,,,1980,10,0
SAR,156,Sardinia,,,,2000,11,0
SAU,157,Saudi Arabia,,,0,1940,8,0
SAU,157,Saudi Arabia,0.12,,0,1960,9,1
SAU,157,Saudi Arabia,0.1666667,,0,1980,10,1
SAU,157,Saudi Arabia,0,,0,2000,11,1
SAX,158,Saxony,,,,1940,8,0
SAX,158,Saxony,,,,1960,9,0
SAX,158,Saxony,,,,1980,10,0
SAX,158,Saxony,,,,2000,11,0
SDN,159,Sudan,,,,1940,8,0
SDN,159,Sudan,0.25,,0.15,1960,9,0
SDN,159,Sudan,0.3333333,,0.15,1980,10,1
SDN,159,Sudan,0,,0.15,2000,11,1
SEN,160,Senegal,,,,1940,8,0
SEN,160,Senegal,,7.50525,0.45,1960,9,0
SEN,160,Senegal,0.5,7.287621,0.4,1980,10,1
SEN,160,Senegal,0.6666667,7.391289,0.9,2000,11,1
SER,161,Serbia,,,,1940,8,0
SER,161,Serbia,,,,1960,9,0
SER,161,Serbia,,,,1980,10,0
SER,161,Serbia,,,,2000,11,0
SGP,162,Singapore,,,,1940,8,0
SGP,162,Singapore,0.81,7.678224,0.85,1960,9,0
SGP,162,Singapore,0.3333333,9.34695,0.4,1980,10,0
SGP,162,Singapore,0.3333333,,0.4,2000,11,1
SIC,163,Two Sicilies,,,,1940,8,0
SIC,163,Two Sicilies,,,,1960,9,0
SIC,163,Two Sicilies,,,,1980,10,0
SIC,163,Two Sicilies,,,,2000,11,0
SLB,164,Solomon Islands,,,,1940,8,0
SLB,164,Solomon Islands,,,,1960,9,0
SLB,164,Solomon Islands,0.8333333,,,1980,10,0
SLB,164,Solomon Islands,0.5,,,2000,11,1
SLE,165,Sierra Leone,,,,1940,8,0
SLE,165,Sierra Leone,0.94,,,1960,9,0
SLE,165,Sierra Leone,0.3333333,7.119874,0.15,1980,10,0
SLE,165,Sierra Leone,0.5,,,2000,11,1
SLV,166,El Salvador,,,0.05,1940,8,0
SLV,166,El Salvador,0.54,8.104618,0.35,1960,9,1
SLV,166,El Salvador,0.1666667,8.332961,,1980,10,1
SLV,166,El Salvador,0.8333333,8.39732,0.85,2000,11,1
SOM,167,Somalia,,,,1940,8,0
SOM,167,Somalia,0.86,,0.85,1960,9,0
SOM,167,Somalia,0,,0.15,1980,10,1
SOM,167,Somalia,0.1666667,,,2000,11,1
STP,168,Sao Tome and Principe,,,,1940,8,0
STP,168,Sao Tome and Principe,,,,1960,9,0
STP,168,Sao Tome and Principe,0.1666667,6.899385,,1980,10,0
STP,168,Sao Tome and Principe,1,,,2000,11,1
SUR,169,Suriname,,,,1940,8,0
SUR,169,Suriname,,,,1960,9,0
SUR,169,Suriname,0,,,1980,10,0
SUR,169,Suriname,1,,,2000,11,1
SVK,170,Slovakia,,,,1940,8,0
SVK,170,Slovakia,,,,1960,9,0
SVK,170,Slovakia,,,,1980,10,0
SVK,170,Slovakia,1,9.342241,0.95,2000,11,0
SVN,171,Slovenia,,,,1940,8,0
SVN,171,Slovenia,,,,1960,9,0
SVN,171,Slovenia,,,,1980,10,0
SVN,171,Slovenia,1,9.664255,1,2000,11,0
SWE,172,Sweden,,,1,1940,8,0
SWE,172,Sweden,1,9.227096,1,1960,9,1
SWE,172,Sweden,1,9.75062,1,1980,10,1
SWE,172,Sweden,1,10.07049,1,2000,11,1
SWZ,173,Swaziland,,,,1940,8,0
SWZ,173,Swaziland,,,,1960,9,0
SWZ,173,Swaziland,0.3333333,,0,1980,10,0
SWZ,173,Swaziland,0.1666667,8.561657,0.05,2000,11,1
SYC,174,Seychelles,,,,1940,8,0
SYC,174,Seychelles,,8.014518,,1960,9,0
SYC,174,Seychelles,0.1666667,9.005752,,1980,10,0
SYC,174,Seychelles,0.6666667,9.234136,,2000,11,1
SYR,175,Syrian Arab Republic,,,,1940,8,0
SYR,175,Syrian Arab Republic,0.39,7.246059,,1960,9,0
SYR,175,Syrian Arab Republic,0.3333333,8.003003,0.05,1980,10,1
SYR,175,Syrian Arab Republic,0,8.317245,0.15,2000,11,1
TCD,176,Chad,,,,1940,8,0
TCD,176,Chad,0.58,7.100346,0.05,1960,9,0
TCD,176,Chad,0.1666667,7.398462,,1980,10,1
TCD,176,Chad,0.1666667,6.811872,0.4,2000,11,1
TGO,177,Togo,,,,1940,8,0
TGO,177,Togo,,6.798084,0.2,1960,9,0
TGO,177,Togo,0,7.228293,0.15,1980,10,1
TGO,177,Togo,0.3333333,6.7689,0.4,2000,11,1
THA,178,Thailand,,,0.35,1940,8,0
THA,178,Thailand,0.33,6.994959,0.15,1960,9,1
THA,178,Thailand,0.6666667,7.91223,0.6,1980,10,1
THA,178,Thailand,0.8333333,8.833033,0.95,2000,11,1
TJK,179,Tajikistan,,,,1940,8,0
TJK,179,Tajikistan,,,,1960,9,0
TJK,179,Tajikistan,,,,1980,10,0
TJK,179,Tajikistan,0.1666667,7.185798,0.45,2000,11,0
TKM,180,Turkmenistan,,,,1940,8,0
TKM,180,Turkmenistan,,,,1960,9,0
TKM,180,Turkmenistan,,,,1980,10,0
TKM,180,Turkmenistan,0,,0.05,2000,11,0
TON,181,Tonga,,,,1940,8,0
TON,181,Tonga,,,,1960,9,0
TON,181,Tonga,0.3333333,,,1980,10,0
TON,181,Tonga,0.3333333,,,2000,11,1
TTO,182,Trinidad and Tobago,,,,1940,8,0
TTO,182,Trinidad and Tobago,0.94,8.382496,,1960,9,0
TTO,182,Trinidad and Tobago,0.8333333,9.168795,0.9,1980,10,0
TTO,182,Trinidad and Tobago,0.8333333,9.321452,1,2000,11,1
TUN,183,Tunisia,,,,1940,8,0
TUN,183,Tunisia,0.84,,0.05,1960,9,0
TUN,183,Tunisia,0.1666667,8.3811,0.05,1980,10,1
TUN,183,Tunisia,0.1666667,8.821177,0.35,2000,11,1
TUR,184,Turkey,,,0.15,1940,8,0
TUR,184,Turkey,0.59,7.8965,,1960,9,1
TUR,184,Turkey,0.3333333,8.359807,0.25,1980,10,1
TUR,184,Turkey,0.5,8.829385,0.85,2000,11,1
TUS,185,Tuscany,,,,1940,8,0
TUS,185,Tuscany,,,,1960,9,0
TUS,185,Tuscany,,,,1980,10,0
TUS,185,Tuscany,,,,2000,11,0
TWN,186,Taiwan,,,,1940,8,0
TWN,186,Taiwan,,7.265564,0.1,1960,9,0
TWN,186,Taiwan,0.3333333,8.677489,0.15,1980,10,1
TWN,186,Taiwan,1,,0.95,2000,11,1
TZA,187,Tanzania,,,,1940,8,0
TZA,187,Tanzania,,5.944191,,1960,9,0
TZA,187,Tanzania,0.1666667,6.40638,0.15,1980,10,0
TZA,187,Tanzania,0.5,6.17768,0.6,2000,11,1
UGA,188,Uganda,,,,1940,8,0
UGA,188,Uganda,0.77,6.32879,,1960,9,0
UGA,188,Uganda,0.3333333,6.093689,0.65,1980,10,0
UGA,188,Uganda,0.1666667,6.846763,0.3,2000,11,1
UKR,189,Ukraine,,,,1940,8,0
UKR,189,Ukraine,,,,1960,9,0
UKR,189,Ukraine,,,,1980,10,0
UKR,189,Ukraine,0.5,8.438646,0.85,2000,11,0
UPC,190,United Province CA,,,,1940,8,0
UPC,190,United Province CA,,,,1960,9,0
UPC,190,United Province CA,,,,1980,10,0
UPC,190,United Province CA,,,,2000,11,0
URY,191,Uruguay,,,0.5,1940,8,0
URY,191,Uruguay,1,8.678337,0.9,1960,9,1
URY,191,Uruguay,0.3333333,8.990587,0.15,1980,10,1
URY,191,Uruguay,1,9.17177,1,2000,11,1
USA,192,United States,,,1,1940,8,0
USA,192,United States,0.95,9.415136,1,1960,9,1
USA,192,United States,1,9.96813,1,1980,10,1
USA,192,United States,1,10.4131,1,2000,11,1
USS,193,USSR,,,0.05,1940,8,0
USS,193,USSR,0.2,,0.15,1960,9,1
USS,193,USSR,0.1666667,,0.15,1980,10,1
USS,193,USSR,,,,2000,11,1
UZB,194,Uzbekistan,,,,1940,8,0
UZB,194,Uzbekistan,,,,1960,9,0
UZB,194,Uzbekistan,,,,1980,10,0
UZB,194,Uzbekistan,0,,0.05,2000,11,0
VCT,195,St. Vincent and the Grenadines,,,,1940,8,0
VCT,195,St. Vincent and the Grenadines,,,,1960,9,0
VCT,195,St. Vincent and the Grenadines,0.8333333,8.06021,,1980,10,0
VCT,195,St. Vincent and the Grenadines,0.8333333,8.874647,,2000,11,1
VEN,196,"Venezuela, RB",,,0.25,1940,8,0
VEN,196,"Venezuela, RB",0.72,8.967084,0.8,1960,9,1
VEN,196,"Venezuela, RB",1,8.983068,0.95,1980,10,1
VEN,196,"Venezuela, RB",0.6666667,8.767203,0.85,2000,11,1
VNM,197,Vietnam,,,,1940,8,0
VNM,197,Vietnam,,,,1960,9,0
VNM,197,Vietnam,0,,0.15,1980,10,1
VNM,197,Vietnam,0,,0.15,2000,11,1
VNM_N,198,"Vietnam, North",,,,1940,8,0
VNM_N,198,"Vietnam, North",0.31,,0.1,1960,9,0
VNM_N,198,"Vietnam, North",,,,1980,10,1
VNM_N,198,"Vietnam, North",,,,2000,11,1
VNM_S,199,"Vietnam, South",,,,1940,8,0
VNM_S,199,"Vietnam, South",0.55,,0.35,1960,9,0
VNM_S,199,"Vietnam, South",,,,1980,10,1
VNM_S,199,"Vietnam, South",,,,2000,11,1
VUT,200,Vanuatu,,,,1940,8,0
VUT,200,Vanuatu,,,,1960,9,0
VUT,200,Vanuatu,0.8333333,,,1980,10,0
VUT,200,Vanuatu,1,,,2000,11,1
WRT,201,Wuerttemburg,,,,1940,8,0
WRT,201,Wuerttemburg,,,,1960,9,0
WRT,201,Wuerttemburg,,,,1980,10,0
WRT,201,Wuerttemburg,,,,2000,11,0
WSM,202,Western Samoa,,,,1940,8,0
WSM,202,Western Samoa,,,,1960,9,0
WSM,202,Western Samoa,0.5,,,1980,10,0
WSM,202,Western Samoa,0.8333333,,,2000,11,0
YEM,203,Yemen,,,,1940,8,0
YEM,203,Yemen,,,,1960,9,0
YEM,203,Yemen,,,,1980,10,0
YEM,203,Yemen,0.3333333,6.705804,0.4,2000,11,0
YEM_N,204,"Yemen, N.Arab",,,0,1940,8,0
YEM_N,204,"Yemen, N.Arab",0.12,,0.2,1960,9,1
YEM_N,204,"Yemen, N.Arab",0.1666667,,0.2,1980,10,1
YEM_N,204,"Yemen, N.Arab",,,,2000,11,1
YEM_S,205,"Yemen, South",,,,1940,8,0
YEM_S,205,"Yemen, South",,,,1960,9,0
YEM_S,205,"Yemen, South",0.1666667,,0.1,1980,10,0
YEM_S,205,"Yemen, South",,,,2000,11,1
YUG,206,Yugoslavia - post 1991,,,,1940,8,0
YUG,206,Yugoslavia - post 1991,,,,1960,9,0
YUG,206,Yugoslavia - post 1991,,,,1980,10,0
YUG,206,Yugoslavia - post 1991,0.5,,0.85,2000,11,0
YUG_1,207,Yugoslavia-pre 1991,,,0.6,1940,8,0
YUG_1,207,Yugoslavia-pre 1991,0.43,,0.15,1960,9,1
YUG_1,207,Yugoslavia-pre 1991,0.1666667,,0.25,1980,10,1
YUG_1,207,Yugoslavia-pre 1991,,,,2000,11,1
ZAF,208,South Africa,,,0.7,1940,8,0
ZAF,208,South Africa,0.65,8.509544,0.7,1960,9,1
ZAF,208,South Africa,0.3333333,8.980937,0.7,1980,10,1
ZAF,208,South Africa,1,8.928168,0.95,2000,11,1
ZAR,209,"Congo, Dem. Rep.",,,,1940,8,0
ZAR,209,"Congo, Dem. Rep.",0.5,6.887443,,1960,9,0
ZAR,209,"Congo, Dem. Rep.",0.1666667,6.583971,0.05,1980,10,1
ZAR,209,"Congo, Dem. Rep.",0,,,2000,11,1
ZMB,210,Zambia,,,,1940,8,0
ZMB,210,Zambia,,7.095546,,1960,9,0
ZMB,210,Zambia,0.3333333,7.122066,0.05,1980,10,0
ZMB,210,Zambia,0.3333333,6.793074,0.55,2000,11,1
ZWE,211,Zimbabwe,,,,1940,8,0
ZWE,211,Zimbabwe,,7.116216,,1960,9,0
ZWE,211,Zimbabwe,0.6666667,7.876341,0.75,1980,10,0
ZWE,211,Zimbabwe,0.1666667,7.818621,0.25,2000,11,1
